,StatusExistingCheckingAccount,DurationInMonth,CreditHistory,Purpose,CreditAmount,SavingsAccountBonds,PresentEmploymentSince,InstallmentRatePercentageOfDisposableIncome,PersonalStatusAndSex,OtherDebtorsGuarantors,PresentResidenceSince,Property,Age,OtherInstallmentPlans,Housing,NumberExistingCreditsAtThisBank,Job,NumPeopleLiableToProvideMaintenanceFor,Telephone,ForeignWorker,CreditApproved
0,1,6,5,4,1169,5,5,4,1,1,4,1,5,3,2,2,3,1,2,1,1
1,2,48,3,4,5951,1,3,2,2,1,2,1,1,3,2,1,3,1,1,1,2
2,4,12,5,7,2096,1,4,2,1,1,3,1,4,3,2,1,2,2,1,1,1
3,1,42,3,3,7882,1,4,2,1,3,4,2,4,3,3,1,3,2,1,1,1
4,1,24,4,1,4870,1,3,3,1,1,4,4,4,3,3,2,3,2,1,1,2
5,4,36,3,7,9055,5,3,2,1,1,4,4,3,3,3,1,2,2,2,1,1
6,4,24,3,3,2835,3,5,3,1,1,4,2,4,3,2,1,3,1,1,1,1
7,2,36,3,2,6948,1,3,2,1,1,2,3,3,3,1,1,4,1,2,1,1
8,4,12,3,4,3059,4,4,2,1,1,4,1,5,3,2,1,2,1,1,1,1
9,2,30,5,1,5234,1,1,4,1,1,2,3,2,3,2,2,4,1,1,1,2
10,2,12,3,1,1295,1,2,3,2,1,1,3,2,3,1,1,3,1,1,1,2
11,1,48,3,10,4308,1,2,3,2,1,4,2,1,3,1,1,3,1,1,1,2
12,2,12,3,4,1567,1,3,1,2,1,1,3,1,3,2,1,3,1,2,1,1
13,1,24,5,1,1199,1,5,4,1,1,4,3,5,3,2,2,2,1,1,1,2
14,1,15,3,1,1403,1,3,2,2,1,4,3,2,3,1,1,3,1,1,1,1
15,1,24,3,4,1282,2,3,4,2,1,2,3,2,3,2,1,2,1,1,1,2
16,4,24,5,4,2424,5,5,4,1,1,4,2,4,3,2,2,3,1,1,1,1
17,1,30,1,10,8072,5,2,2,1,1,3,3,2,1,2,3,3,1,1,1,1
18,2,24,3,2,12579,1,5,4,2,1,2,4,3,3,3,1,4,1,2,1,2
19,4,24,3,4,3430,3,5,3,1,1,2,3,2,3,2,1,3,2,2,1,1
20,4,9,5,1,2134,1,3,4,1,1,4,3,4,3,2,3,3,1,2,1,1
21,1,6,3,4,2647,3,3,2,1,1,3,1,3,3,1,1,3,2,1,1,1
22,1,10,5,1,2241,1,2,1,1,1,3,1,4,3,1,2,2,2,1,2,1
23,2,12,5,2,1804,2,2,3,1,1,4,2,3,3,2,1,3,1,1,1,1
24,4,10,5,3,2069,5,3,2,1,1,1,3,2,3,2,2,3,1,1,2,1
25,1,6,3,3,1374,1,3,1,1,1,2,1,3,1,2,1,2,1,2,1,1
26,4,6,1,4,426,1,5,4,1,1,4,3,3,3,2,1,2,1,1,1,1
27,3,12,2,4,409,4,3,3,2,1,3,1,3,3,1,2,3,1,1,1,1
28,2,7,3,4,2415,1,3,3,1,3,2,1,2,3,2,1,3,1,1,1,1
29,1,60,4,10,6836,1,5,3,1,1,4,4,5,3,2,2,3,1,2,1,2
30,2,18,3,10,1913,4,2,3,1,1,3,1,3,1,2,1,3,1,2,1,1
31,1,24,3,3,4020,1,3,2,1,1,2,3,2,2,2,1,3,1,1,1,1
32,2,18,3,1,5866,2,3,2,1,1,2,3,2,3,2,2,3,1,2,1,1
33,4,12,5,10,1264,5,5,4,1,1,4,4,5,3,1,1,2,1,1,1,1
34,3,12,3,3,1474,1,2,4,2,1,1,2,2,1,2,1,4,1,2,1,1
35,2,45,5,4,4746,1,2,4,1,1,2,2,2,3,2,2,2,1,1,1,2
36,4,48,5,7,6110,1,3,1,1,1,3,4,2,1,3,1,3,1,2,1,1
37,3,18,3,4,2100,1,3,4,1,2,2,1,3,2,2,1,3,1,1,1,2
38,3,10,3,5,1225,1,3,2,1,1,2,3,3,3,2,1,3,1,2,1,1
39,2,9,3,4,458,1,3,4,1,1,3,1,1,3,2,1,3,1,1,1,1
40,4,30,3,4,2333,3,5,4,1,1,2,3,2,1,2,1,4,1,1,1,1
41,2,12,3,4,1158,3,3,3,1,1,1,3,2,3,2,1,3,1,2,1,1
42,2,18,4,6,6204,1,3,2,1,1,4,1,3,3,2,1,2,2,2,1,1
43,1,30,5,2,6187,2,4,1,1,1,4,3,1,3,1,2,3,1,1,1,1
44,1,48,5,2,6143,1,5,4,2,1,4,4,5,2,3,2,2,1,1,1,2
45,4,11,5,1,1393,1,2,4,2,1,4,3,3,3,2,2,4,1,1,1,1
46,4,36,3,4,2299,3,5,4,1,1,4,3,3,3,2,1,3,1,1,1,1
47,1,6,3,2,1352,3,1,1,2,1,2,2,1,3,1,1,1,1,2,1,1
48,4,11,5,1,7228,1,3,1,1,1,4,2,3,3,2,2,2,1,1,1,1
49,4,12,3,4,2073,2,3,4,2,2,2,1,2,3,2,1,3,1,1,1,1
50,2,24,4,3,2333,5,2,4,1,1,2,2,2,1,2,1,2,1,1,1,1
51,2,27,4,2,5965,1,5,1,1,1,2,3,2,3,2,2,4,1,2,1,1
52,4,12,3,4,1262,1,3,3,1,1,2,3,2,3,2,1,3,1,1,1,1
53,4,18,3,2,3378,5,3,2,1,1,1,2,2,3,2,1,3,1,2,1,1
54,2,36,4,1,2225,1,5,4,1,1,4,4,5,1,3,2,3,1,2,1,2
55,4,6,2,1,783,5,3,1,1,3,2,1,2,2,2,1,2,2,1,1,1
56,2,12,3,4,6468,5,1,2,1,1,1,4,4,3,2,1,4,1,2,1,2
57,4,36,5,4,9566,1,3,2,2,1,2,3,2,2,2,2,3,1,1,1,1
58,3,18,3,1,1961,1,5,3,2,1,2,3,1,3,2,1,4,1,1,1,1
59,1,36,5,3,6229,1,2,4,2,2,4,4,1,3,1,2,2,1,2,1,2
60,2,9,3,10,1391,1,3,2,1,1,1,1,2,1,2,1,3,1,2,1,1
61,2,15,5,4,1537,5,5,4,1,3,4,1,4,3,2,2,3,1,2,1,1
62,2,36,1,10,1953,1,5,4,1,1,4,4,5,3,3,1,4,1,2,1,2
63,2,48,1,10,14421,1,3,2,1,1,2,3,2,3,2,1,3,1,2,1,2
64,4,24,3,4,3181,1,2,4,2,1,4,2,2,3,2,1,3,1,2,1,1
65,4,27,3,6,5190,5,5,4,1,1,4,2,4,3,2,4,3,2,2,1,1
66,4,12,3,4,2171,1,2,2,2,1,2,3,2,1,2,1,3,1,1,1,1
67,2,12,3,1,1007,4,3,4,1,1,1,1,1,3,2,1,3,1,1,1,1
68,4,36,3,7,1819,1,3,4,1,1,4,4,3,2,3,1,3,1,2,1,2
69,4,36,3,4,2394,5,3,4,2,1,4,3,2,3,2,1,3,1,1,1,1
70,4,36,3,2,8133,1,3,1,2,1,2,2,2,1,2,1,3,1,1,1,1
71,4,7,5,4,730,5,5,4,1,1,2,2,4,3,1,2,2,1,2,1,1
72,1,8,5,11,1164,1,5,3,1,1,4,4,4,1,3,2,4,2,2,1,1
73,2,42,5,10,5954,1,4,2,2,1,1,1,3,1,2,2,2,1,1,1,1
74,1,36,3,7,1977,5,5,4,1,1,4,4,3,3,2,1,4,1,2,1,2
75,1,12,5,2,1526,1,5,4,1,1,4,4,5,3,3,2,4,1,1,1,1
76,1,42,3,4,3965,1,2,4,1,1,3,3,2,3,2,1,3,1,1,1,2
77,2,11,4,4,4771,1,4,2,1,1,4,2,4,3,2,1,3,1,1,1,1
78,4,54,1,2,9436,5,3,2,1,1,2,2,3,3,2,1,2,2,1,1,1
79,2,30,3,3,3832,1,2,2,1,1,1,2,1,3,2,1,3,1,1,1,1
80,4,24,3,4,5943,5,2,1,2,1,1,3,3,3,2,2,3,1,2,1,2
81,4,15,3,4,1213,3,5,4,1,1,3,2,4,2,2,1,3,1,2,1,1
82,4,18,3,10,1568,2,3,3,2,1,4,2,1,3,1,1,2,1,1,1,1
83,1,24,3,11,1755,1,5,4,2,3,4,1,5,3,2,1,2,1,2,1,1
84,1,10,3,4,2315,1,5,3,1,1,4,1,4,3,2,1,2,1,1,1,1
85,4,12,5,10,1412,1,3,4,2,3,2,1,2,3,2,2,4,1,2,1,1
86,2,18,5,3,1295,1,2,4,2,1,1,2,2,3,2,2,3,1,1,1,1
87,2,36,3,7,12612,2,3,1,1,1,4,4,4,3,3,1,3,2,2,1,2
88,1,18,3,1,2249,2,4,4,1,1,3,3,2,3,2,1,4,2,2,1,1
89,1,12,1,6,1108,1,4,4,1,1,3,1,2,3,2,2,3,1,1,1,2
90,4,12,5,4,618,1,5,4,1,1,4,1,5,3,2,1,3,1,1,1,1
91,1,12,5,2,1409,1,5,4,1,1,3,1,4,3,2,1,3,1,1,1,1
92,4,12,5,4,797,5,5,4,2,1,3,2,2,1,2,1,2,2,1,1,2
93,3,24,5,3,3617,5,5,4,1,2,4,4,1,3,1,2,3,1,1,1,1
94,2,12,3,1,1318,4,5,4,1,1,4,1,4,3,2,1,3,1,2,1,1
95,2,54,1,10,15945,1,2,3,1,1,4,4,5,3,1,1,3,1,2,1,2
96,4,12,5,7,2012,5,4,4,2,1,2,3,5,3,2,1,3,1,1,1,1
97,2,18,3,10,2622,2,3,4,1,1,4,3,2,3,2,1,3,1,1,1,1
98,2,36,5,4,2337,1,5,4,1,1,4,1,3,3,2,1,3,1,1,1,1
99,2,20,4,2,7057,5,4,3,1,1,4,2,3,1,1,2,4,2,2,1,1
100,4,24,3,1,1469,2,5,4,1,1,4,1,3,3,1,1,2,1,1,1,1
101,2,36,3,4,2323,1,4,4,1,1,4,3,1,3,1,1,3,1,1,1,1
102,4,6,4,4,932,1,3,3,2,1,2,1,1,3,2,1,3,1,1,1,1
103,2,9,5,3,1919,1,4,4,1,1,3,3,3,3,1,1,3,1,2,1,1
104,4,12,3,2,2445,5,2,2,1,1,4,3,2,3,1,1,3,1,2,1,1
105,2,24,5,11,11938,1,3,2,1,2,3,3,3,3,2,2,4,2,2,1,2
106,4,18,2,1,6458,1,5,2,1,1,4,4,3,1,2,2,4,2,2,1,2
107,2,12,3,1,6078,1,4,2,1,1,2,3,2,3,2,1,3,1,1,1,1
108,1,24,3,3,7721,5,2,1,2,1,2,2,2,3,2,1,3,1,2,2,1
109,2,14,3,10,1410,3,5,1,1,1,2,1,3,3,2,1,3,1,2,1,1
110,2,6,4,10,1449,2,5,1,1,1,2,3,2,1,2,2,3,2,1,1,1
111,3,15,3,7,392,1,2,4,2,1,4,2,1,3,1,1,3,1,2,1,1
112,2,18,3,1,6260,1,4,3,1,1,3,1,2,3,1,1,2,1,1,1,1
113,4,36,5,1,7855,1,3,4,2,1,2,1,2,2,2,2,3,1,2,1,2
114,1,12,3,4,1680,3,5,3,1,1,1,1,3,3,2,1,3,1,1,1,1
115,4,48,5,4,3578,5,5,4,1,1,1,1,4,3,2,1,3,1,2,1,1
116,1,42,3,4,7174,5,4,4,2,1,3,3,2,3,2,1,4,1,2,1,2
117,1,10,5,3,2132,5,2,2,2,2,3,1,2,3,1,2,3,1,1,2,1
118,1,33,5,3,4281,3,3,1,2,1,4,3,1,3,2,2,3,1,1,1,2
119,2,12,5,1,2366,3,4,3,1,1,3,3,3,3,2,1,4,1,2,1,1
120,1,21,3,4,1835,1,3,3,2,1,2,1,2,3,2,2,3,1,2,1,2
121,4,24,5,2,3868,1,5,4,2,1,2,3,3,3,1,2,4,1,2,1,1
122,4,12,3,3,1768,1,3,3,1,1,2,1,1,3,1,1,2,1,1,1,1
123,3,10,5,1,781,1,5,4,1,1,4,4,5,3,3,2,3,1,2,1,1
124,2,18,3,3,1924,5,2,4,2,1,3,1,2,3,1,1,3,1,1,1,2
125,1,12,5,1,2121,1,3,4,1,1,2,2,2,3,2,2,3,1,1,1,1
126,1,12,3,4,701,1,3,4,1,1,2,1,3,3,2,1,2,1,1,1,1
127,2,12,3,6,639,1,3,4,1,1,2,3,2,3,2,1,3,1,1,1,2
128,2,12,5,2,1860,1,1,4,1,1,2,3,2,3,2,2,4,1,2,1,1
129,1,12,5,1,3499,1,3,3,2,2,2,1,2,3,2,2,3,1,1,1,2
130,2,48,3,1,8487,5,4,1,2,1,2,3,1,3,2,1,3,1,1,1,1
131,1,36,4,7,6887,1,3,4,1,1,3,2,2,2,2,1,3,1,2,1,2
132,4,15,3,3,2708,1,2,2,1,1,3,2,2,1,2,2,2,1,1,1,1
133,4,18,3,3,1984,1,3,4,1,1,4,4,4,1,3,2,3,1,1,1,1
134,4,60,3,4,10144,2,4,2,2,1,4,1,1,3,2,1,3,1,2,1,1
135,4,12,5,4,1240,5,5,4,2,1,2,1,3,3,2,2,3,1,2,1,1
136,4,27,4,2,8613,4,3,2,1,1,2,3,2,3,2,2,3,1,1,1,1
137,2,12,3,4,766,3,3,4,1,1,3,1,5,3,2,1,2,1,1,1,2
138,2,15,5,4,2728,5,4,4,1,3,2,1,3,1,2,3,3,1,2,1,1
139,3,12,3,4,1881,1,3,2,2,1,2,3,3,3,1,1,2,1,2,1,1
140,3,6,3,1,709,4,2,2,1,1,2,1,2,3,2,1,1,1,1,2,1
141,2,36,3,4,4795,1,2,4,2,1,1,4,2,3,2,1,4,1,2,1,1
142,1,27,3,4,3416,1,3,3,1,1,2,3,2,3,2,1,4,1,1,1,1
143,1,18,3,3,2462,1,3,2,1,1,2,3,1,3,2,1,3,1,1,1,2
144,4,21,5,3,2288,1,2,4,2,1,4,2,1,3,2,1,3,1,2,1,1
145,2,48,2,10,3566,2,4,4,1,1,2,3,2,3,2,1,3,1,1,1,1
146,1,6,5,1,860,1,5,1,2,1,4,4,3,3,2,2,3,1,2,1,1
147,4,12,5,1,682,2,4,4,2,1,3,3,4,3,2,2,3,1,2,1,1
148,1,36,5,3,5371,1,3,3,1,3,2,2,2,3,2,2,3,1,1,1,1
149,4,18,5,4,1582,4,5,4,1,1,4,3,4,3,2,2,3,1,1,1,1
150,4,6,3,4,1346,2,5,2,1,1,4,4,3,1,3,1,3,2,2,1,1
151,4,10,3,4,1924,1,3,1,1,1,4,2,3,3,2,1,3,1,2,2,1
152,3,36,3,4,5848,1,3,4,1,1,1,3,1,3,2,1,3,1,1,1,1
153,2,24,5,2,7758,4,5,2,2,1,4,4,2,3,1,1,3,1,1,1,1
154,2,24,4,10,6967,2,4,4,1,1,4,3,3,3,1,1,4,1,2,1,1
155,1,12,3,3,1282,1,3,2,2,1,4,3,1,3,1,1,3,1,1,1,2
156,1,9,5,6,1288,2,5,3,1,3,4,1,4,3,2,2,3,2,1,2,1
157,1,12,2,9,339,1,5,4,1,1,1,3,4,1,2,1,2,1,1,1,1
158,2,24,3,1,3512,2,4,2,1,1,3,3,3,1,2,2,3,1,2,1,1
159,4,6,5,4,1898,5,3,1,1,1,2,1,2,3,2,2,2,2,1,1,1
160,4,24,5,4,2872,2,5,3,1,1,4,1,3,3,2,1,3,2,2,1,1
161,4,18,5,1,1055,1,2,4,2,1,1,2,2,3,2,2,3,1,1,1,1
162,4,15,3,5,1262,3,4,4,1,1,3,2,3,3,2,2,3,1,2,1,1
163,2,10,3,1,7308,1,1,2,1,1,4,4,5,1,3,1,4,1,2,1,1
164,4,36,3,1,909,3,5,4,1,1,4,2,3,3,2,1,3,1,1,1,1
165,4,6,3,3,2978,3,3,1,1,1,2,3,2,3,2,1,3,1,2,1,1
166,1,18,3,3,1131,1,1,4,2,1,2,3,2,3,2,1,3,1,1,1,2
167,2,11,3,3,1577,4,2,4,2,1,1,1,1,3,2,1,3,1,1,1,1
168,4,24,3,3,3972,1,4,2,2,1,4,2,2,3,1,1,3,1,2,1,1
169,2,24,5,10,1935,1,5,4,1,1,4,1,2,3,2,2,3,1,2,1,2
170,1,15,1,1,950,1,5,4,1,1,3,3,2,3,1,2,3,2,1,1,2
171,4,12,3,3,763,1,3,4,2,1,1,1,2,3,2,1,3,1,2,1,1
172,2,24,4,3,2064,1,1,3,2,1,2,2,2,3,2,1,4,1,2,1,2
173,2,8,3,4,1414,1,3,4,1,3,2,1,2,3,2,1,3,1,1,2,1
174,1,21,4,7,3414,1,2,2,1,1,1,2,2,3,2,2,3,1,1,1,2
175,4,30,2,2,7485,5,1,4,2,1,1,1,4,1,2,1,4,1,2,1,2
176,1,12,3,3,2577,1,3,2,1,1,1,3,3,3,2,1,3,1,1,1,1
177,1,6,5,4,338,3,5,4,1,1,4,3,4,3,2,2,3,1,1,1,1
178,4,12,3,4,1963,1,4,4,1,1,2,3,2,3,1,2,4,2,2,1,1
179,1,21,5,1,571,1,5,4,1,1,4,1,5,3,2,2,3,1,1,1,1
180,4,36,4,10,9572,1,2,1,1,1,1,3,2,3,2,2,3,1,1,1,2
181,2,36,4,10,4455,1,3,2,1,1,2,1,2,2,2,2,4,1,2,1,2
182,1,21,2,1,1647,5,3,4,1,1,2,2,3,3,2,2,2,2,1,1,2
183,4,24,5,3,3777,4,3,4,1,1,4,1,4,3,2,1,3,1,2,1,1
184,2,18,5,1,884,1,5,4,1,1,4,3,3,1,2,1,3,2,2,1,2
185,4,15,5,4,1360,1,3,4,1,1,2,2,2,3,2,2,3,1,1,1,1
186,2,9,2,2,5129,1,5,2,2,1,4,4,5,1,3,1,4,2,2,1,2
187,2,16,5,1,1175,1,1,2,1,1,3,3,5,3,3,3,1,1,2,1,1
188,1,12,3,4,674,2,4,4,1,1,1,2,1,3,2,1,3,1,1,1,2
189,2,18,1,3,3244,1,3,1,2,1,4,3,2,1,2,2,3,1,2,1,1
190,4,24,3,10,4591,4,3,2,1,1,3,2,4,3,2,3,4,1,2,1,2
191,2,48,1,10,3844,2,4,4,1,1,4,4,2,3,3,1,2,2,1,1,2
192,2,27,3,10,3915,1,3,4,1,1,2,3,3,3,2,1,3,2,2,1,2
193,4,6,3,4,2108,1,4,2,1,1,2,1,2,3,1,1,3,1,1,1,1
194,2,45,3,4,3031,2,3,4,1,3,4,2,1,3,1,1,3,1,1,1,2
195,2,9,5,7,1501,1,5,2,2,1,3,3,2,3,2,2,4,1,2,1,2
196,4,6,5,4,1382,1,3,1,2,1,1,3,2,3,2,2,3,1,2,1,1
197,2,12,3,3,951,2,2,4,2,1,4,3,2,1,1,4,3,1,1,1,2
198,2,24,3,2,2760,5,5,4,1,1,4,4,3,1,3,1,3,1,2,1,1
199,2,18,4,3,4297,1,5,4,1,1,3,4,3,3,2,1,4,1,2,1,2
200,4,9,5,7,936,3,5,4,1,1,2,3,4,3,2,2,3,1,2,1,1
201,1,12,3,1,1168,1,3,4,1,1,3,1,2,3,2,1,2,1,1,1,1
202,4,27,4,10,5117,1,4,3,1,1,4,3,2,3,2,2,3,1,1,1,1
203,1,12,3,9,902,1,4,4,1,1,4,2,1,3,1,1,3,1,1,1,2
204,4,12,5,1,1495,1,5,4,1,1,1,1,3,3,2,2,2,2,1,1,1
205,1,30,5,2,10623,1,5,3,1,1,4,4,3,3,3,3,4,2,2,1,1
206,4,12,5,3,1935,1,5,4,1,1,4,1,3,3,2,3,3,1,2,1,1
207,2,12,5,5,1424,1,4,4,1,1,3,2,2,3,2,1,3,1,1,1,1
208,1,24,3,10,6568,1,3,2,1,1,2,3,1,2,2,1,2,1,1,1,1
209,4,12,3,2,1413,4,4,3,1,1,2,2,5,3,2,1,3,1,1,2,1
210,4,9,5,4,3074,5,3,1,1,1,2,1,2,3,2,2,3,2,1,1,1
211,4,36,3,4,3835,5,5,2,2,1,4,1,4,3,2,1,2,1,2,1,1
212,1,27,1,10,5293,1,1,2,1,1,4,2,4,2,2,2,3,1,2,1,2
213,3,30,4,10,1908,1,5,4,1,1,4,1,5,3,2,1,4,1,2,1,2
214,4,36,5,4,3342,5,5,4,1,1,2,3,4,3,2,1,3,1,2,1,1
215,2,6,5,9,932,5,4,1,2,1,3,2,3,3,2,2,2,1,1,1,1
216,1,18,1,10,3104,1,4,3,1,1,1,2,2,1,2,1,3,1,2,1,1
217,3,36,3,4,3913,1,3,2,1,1,2,1,1,3,2,1,3,1,2,1,1
218,1,24,3,3,3021,1,3,2,1,1,2,1,1,3,1,1,2,1,1,1,1
219,4,10,3,1,1364,1,3,2,2,1,4,3,5,3,2,1,3,1,2,1,1
220,2,12,3,4,625,1,2,4,1,3,1,1,2,1,2,1,2,1,1,1,1
221,1,12,3,7,1200,5,3,4,2,1,4,2,1,1,1,1,3,1,2,1,1
222,4,12,3,4,707,1,3,4,1,1,2,1,2,1,2,2,3,1,1,1,1
223,4,24,4,10,2978,5,3,4,1,1,4,1,2,3,2,2,3,2,2,1,1
224,4,15,3,2,4657,1,3,3,1,1,2,3,2,3,2,1,3,1,2,1,1
225,4,36,1,6,2613,1,3,4,1,1,2,3,2,3,2,2,3,1,1,1,1
226,2,48,3,4,10961,4,4,1,1,2,2,4,2,1,2,2,3,1,2,1,2
227,1,12,3,3,7865,1,5,4,1,1,4,4,4,3,3,1,4,1,2,1,2
228,4,9,3,4,1478,1,4,4,1,1,2,3,1,3,2,1,3,1,1,1,2
229,1,24,3,3,3149,1,2,4,1,1,1,4,1,1,3,1,3,1,1,1,1
230,3,36,3,4,4210,1,3,4,1,1,2,3,2,3,2,1,3,1,1,1,2
231,4,9,3,1,2507,3,5,2,1,1,4,4,4,3,3,1,2,1,1,1,1
232,4,12,3,4,2141,2,4,3,1,1,1,4,3,3,2,1,3,1,1,1,1
233,2,18,3,4,866,1,3,4,1,3,2,1,2,3,2,1,2,1,1,1,1
234,4,4,5,4,1544,1,4,2,1,1,1,1,3,3,2,3,2,2,1,1,1
235,1,24,3,4,1823,1,1,4,1,1,2,3,2,2,2,1,4,2,1,1,2
236,2,6,3,1,14555,5,1,1,1,1,2,2,1,3,2,1,1,1,2,1,2
237,2,21,3,10,2767,2,5,4,1,1,2,3,5,1,1,2,2,1,1,1,2
238,4,12,5,4,1291,1,3,4,2,1,2,2,3,3,2,2,3,1,1,1,1
239,1,30,3,4,2522,1,5,1,1,3,3,2,3,3,2,1,3,2,1,1,1
240,1,24,3,1,915,5,5,4,2,1,2,3,2,1,2,1,3,1,1,1,2
241,4,6,3,4,1595,1,4,3,1,1,2,2,4,3,2,1,3,2,1,1,1
242,1,48,1,2,4605,1,5,3,1,1,4,4,1,3,3,2,3,2,1,1,2
243,4,12,5,10,1185,1,3,3,2,1,2,1,2,3,2,2,3,1,1,1,1
244,4,12,2,9,3447,3,3,4,2,1,3,1,3,3,2,1,2,2,1,1,1
245,4,24,3,10,1258,1,4,4,1,1,1,1,2,3,2,1,3,1,2,1,1
246,4,12,5,4,717,1,5,4,1,1,4,1,4,3,2,3,3,1,1,1,1
247,4,6,1,1,1204,2,3,4,1,1,1,4,3,1,1,1,3,1,1,2,1
248,3,24,3,3,1925,1,3,2,1,1,2,1,2,3,2,1,3,1,1,1,1
249,4,18,3,4,433,1,1,3,2,2,4,1,1,3,1,1,3,1,1,1,2
250,1,6,5,1,666,4,4,3,2,1,4,1,3,3,2,2,2,1,2,1,1
251,3,12,3,3,2251,1,3,1,2,1,2,3,4,3,2,1,2,1,1,1,1
252,2,30,3,1,2150,1,3,4,2,3,2,4,1,1,2,1,3,1,1,1,2
253,4,24,4,3,4151,2,3,2,1,1,3,2,3,3,2,2,3,1,1,1,1
254,2,9,3,3,2030,5,4,2,1,1,1,3,1,3,2,1,3,1,2,1,1
255,2,60,4,4,7418,5,3,1,1,1,1,1,2,3,2,1,2,1,1,1,1
256,4,24,5,4,2684,1,3,4,1,1,2,1,3,3,2,2,2,1,1,1,1
257,1,12,2,4,2149,1,3,4,1,1,1,4,2,3,3,1,3,1,1,1,2
258,4,15,3,2,3812,2,2,1,2,1,4,3,1,3,2,1,3,1,2,1,1
259,4,11,5,4,1154,2,1,4,2,1,4,1,5,3,2,3,2,1,1,1,1
260,1,12,3,3,1657,1,3,2,1,1,2,1,2,3,2,1,3,1,1,1,1
261,1,24,3,4,1603,1,5,4,2,1,4,3,5,3,2,1,3,1,1,1,1
262,1,18,5,1,5302,1,5,2,1,1,4,4,3,3,3,3,4,1,2,1,1
263,4,12,5,7,2748,1,5,2,2,1,4,4,5,1,3,3,2,1,1,1,1
264,4,10,5,1,1231,1,5,3,1,1,4,1,2,3,2,2,2,2,1,2,1
265,2,15,3,4,802,1,5,4,1,1,3,3,3,3,2,1,3,2,1,1,2
266,4,36,5,10,6304,5,5,4,1,1,4,1,3,3,2,2,3,1,1,1,1
267,4,24,3,4,1533,1,2,4,2,1,3,3,3,2,2,1,3,1,2,1,1
268,1,14,3,1,8978,1,5,1,1,1,4,2,4,3,2,1,4,1,2,2,2
269,4,24,3,4,999,5,5,4,1,1,2,3,2,3,2,2,3,1,1,1,1
270,4,18,3,1,2662,5,4,4,1,1,3,2,2,3,2,1,3,1,1,2,1
271,4,12,5,3,1402,3,4,3,2,1,4,3,3,3,1,1,3,1,2,1,1
272,2,48,2,1,12169,5,1,4,1,2,4,4,3,3,3,1,4,1,2,1,1
273,2,48,3,4,3060,1,4,4,1,1,4,1,2,3,2,2,3,1,1,1,2
274,1,30,3,6,11998,1,2,1,1,1,1,4,2,3,2,1,2,1,2,1,2
275,4,9,3,4,2697,1,3,1,1,1,2,1,2,3,2,1,3,2,1,1,1
276,4,18,5,4,2404,1,3,2,2,1,2,3,2,3,2,2,3,1,1,1,1
277,1,12,3,3,1262,5,5,2,1,1,4,2,4,3,2,1,2,1,2,1,1
278,4,6,3,3,4611,1,2,1,2,1,4,2,2,3,2,1,3,1,1,1,2
279,4,24,3,4,1901,2,3,4,1,1,4,3,2,3,1,1,4,1,2,1,1
280,4,15,5,2,3368,4,5,3,1,1,4,4,1,3,1,2,3,1,2,1,1
281,4,12,3,3,1574,1,3,4,1,1,2,1,4,3,2,1,3,1,1,1,1
282,3,18,2,4,1445,5,4,4,1,1,4,3,4,1,2,1,2,1,1,1,1
283,4,15,5,3,1520,5,5,4,1,1,4,2,5,3,2,1,3,1,1,1,1
284,2,24,5,1,3878,2,2,4,1,1,2,3,3,3,2,1,3,1,2,1,1
285,1,47,3,1,10722,1,2,1,2,1,1,1,3,3,2,1,2,1,2,1,1
286,1,48,3,2,4788,1,4,4,1,1,3,2,2,3,2,1,3,2,1,1,1
287,2,48,4,11,7582,2,1,2,1,1,4,4,2,3,3,1,4,1,2,1,1
288,2,12,3,4,1092,1,3,4,2,3,4,1,4,3,2,2,3,1,2,1,1
289,1,24,4,4,1024,1,2,4,1,1,4,1,4,2,2,1,3,1,1,1,2
290,4,12,3,10,1076,1,3,2,1,1,2,1,2,3,2,1,3,1,2,2,1
291,2,36,3,2,9398,1,2,1,1,1,4,3,2,3,1,1,4,1,2,1,2
292,1,24,5,2,6419,1,5,2,2,1,4,4,3,3,3,2,4,2,2,1,1
293,3,42,5,2,4796,1,5,4,1,1,4,4,5,3,3,1,3,1,1,1,1
294,4,48,5,10,7629,5,5,4,1,1,2,3,4,1,2,2,4,2,1,1,1
295,2,48,3,3,9960,1,2,1,2,1,2,3,2,3,2,1,3,1,2,1,2
296,4,12,3,2,4675,5,2,1,2,1,4,3,1,3,1,1,3,1,1,1,1
297,4,10,3,1,1287,5,5,4,1,2,2,2,4,3,2,1,2,1,1,2,1
298,4,18,3,3,2515,1,3,3,1,1,4,1,3,3,2,1,3,1,2,1,1
299,2,21,5,3,2745,4,4,3,1,1,2,3,2,3,2,2,3,1,2,1,1
300,4,6,3,1,672,1,1,1,2,1,4,1,4,3,2,1,1,1,2,1,1
301,2,36,1,4,3804,1,3,4,2,1,1,3,3,3,2,1,3,1,2,1,2
302,3,24,5,1,1344,5,4,4,1,1,2,1,3,1,2,2,2,2,1,1,2
303,1,10,5,1,1038,1,4,4,1,2,3,2,4,3,2,2,3,1,2,1,1
304,4,48,5,1,10127,3,3,2,1,1,2,4,3,1,3,1,3,1,1,1,2
305,4,6,3,3,1543,4,3,4,1,1,2,1,2,3,2,1,3,1,1,1,1
306,4,30,3,2,4811,5,4,2,2,1,4,2,1,2,1,1,2,1,1,1,1
307,1,12,3,4,727,2,2,4,1,1,3,4,2,3,2,1,2,1,2,1,2
308,2,8,3,3,1237,1,3,3,2,1,4,1,1,3,2,1,3,1,1,1,2
309,2,9,3,1,276,1,3,4,1,1,4,1,1,3,1,1,2,1,1,1,1
310,2,48,3,11,5381,5,1,3,1,1,4,4,3,1,3,1,1,1,2,1,1
311,4,24,3,3,5511,2,3,4,1,1,1,3,2,2,2,1,3,1,1,1,1
312,3,24,3,3,3749,1,2,2,2,1,4,3,2,3,2,1,3,1,1,1,1
313,2,12,3,1,685,1,4,2,1,1,3,3,2,1,2,1,2,1,1,1,2
314,3,4,3,1,1494,5,2,1,1,1,2,1,2,3,2,1,2,2,1,2,1
315,1,36,2,3,2746,1,5,4,1,1,4,3,2,1,2,1,3,1,1,1,2
316,1,12,3,3,708,1,3,2,1,3,3,2,3,3,2,1,2,2,1,1,1
317,2,24,3,3,4351,5,3,1,2,1,4,2,4,3,2,1,2,1,2,1,1
318,4,12,5,7,701,1,3,4,1,1,2,3,2,3,2,2,3,1,1,1,1
319,1,15,4,3,3643,1,5,1,2,1,4,2,2,3,2,2,2,1,1,1,1
320,2,30,5,1,4249,1,1,4,1,1,2,3,2,3,2,2,4,1,1,1,2
321,1,24,3,4,1938,1,2,4,1,1,3,2,2,3,2,1,3,1,1,1,2
322,1,24,3,2,2910,1,4,2,1,1,1,4,2,3,3,1,4,1,2,1,1
323,1,18,3,3,2659,4,3,4,1,1,2,3,2,3,2,1,3,1,1,1,1
324,4,18,5,1,1028,1,3,4,2,1,3,1,3,3,2,2,3,1,1,1,1
325,1,8,5,1,3398,1,4,1,1,1,4,1,3,3,2,2,2,1,1,2,1
326,4,12,5,3,5801,5,5,2,1,1,4,2,4,3,1,1,3,1,2,1,1
327,4,24,3,1,1525,4,4,4,2,1,3,3,2,3,2,1,3,2,2,1,1
328,3,36,3,4,4473,1,5,4,1,1,2,3,2,3,2,1,3,1,1,1,1
329,2,6,3,4,1068,1,5,4,1,1,4,3,2,3,2,1,3,2,1,1,1
330,1,24,5,2,6615,1,1,2,1,1,4,4,5,3,3,2,4,1,2,1,1
331,4,18,5,7,1864,2,3,4,2,1,2,1,2,3,2,2,3,1,1,1,2
332,2,60,3,1,7408,2,2,4,2,1,2,2,1,3,2,1,4,1,1,1,2
333,4,48,5,2,11590,2,3,2,2,1,4,3,1,1,1,2,2,1,1,1,2
334,1,24,1,3,4110,1,5,3,1,1,4,4,1,1,1,2,3,2,1,1,2
335,1,6,5,3,3384,1,3,1,1,1,4,1,3,3,1,1,4,1,2,1,2
336,2,13,3,4,2101,1,2,2,2,3,4,2,1,3,2,1,2,1,1,1,1
337,1,15,3,5,1275,5,3,4,2,1,2,3,1,3,1,1,3,1,1,1,2
338,1,24,3,3,4169,1,3,4,1,1,4,2,2,3,2,1,3,1,1,1,1
339,2,10,3,3,1521,1,3,4,1,1,2,3,2,3,2,1,2,1,1,1,1
340,2,24,5,7,5743,1,2,2,2,1,4,4,1,3,3,2,3,1,2,1,1
341,1,21,3,3,3599,1,4,1,2,1,4,3,2,3,1,1,2,1,1,1,1
342,2,18,3,4,3213,3,2,1,1,1,3,1,2,3,1,1,3,1,1,1,1
343,2,18,3,10,4439,1,5,1,1,2,1,1,2,1,2,1,4,1,2,1,1
344,3,10,3,1,3949,1,2,1,1,3,1,2,3,3,2,1,2,2,1,1,1
345,4,15,5,4,1459,1,3,4,2,1,2,3,3,3,2,1,2,1,1,1,1
346,2,13,5,4,882,1,2,4,1,3,4,1,1,3,2,2,3,1,1,1,1
347,2,24,3,4,3758,3,1,1,2,1,4,4,1,3,1,1,1,1,1,1,1
348,4,6,4,10,1743,2,3,1,1,1,2,1,2,3,2,2,2,1,1,1,1
349,2,9,5,7,1136,4,5,4,1,1,3,4,2,3,3,2,3,2,1,1,2
350,4,9,3,5,1236,1,2,1,2,1,4,1,1,3,1,1,3,1,2,1,1
351,2,9,3,3,959,1,3,1,2,1,2,3,2,3,2,1,3,1,1,2,2
352,4,18,5,2,3229,5,1,2,1,1,4,4,3,3,2,1,4,1,2,1,1
353,1,12,1,4,6199,1,3,4,1,1,2,2,2,3,1,2,3,1,2,1,2
354,4,10,3,7,727,3,5,4,1,1,4,4,4,3,3,1,3,1,2,1,1
355,2,24,3,1,1246,1,2,4,1,1,2,1,1,2,2,1,2,1,1,1,2
356,4,12,5,4,2331,5,5,1,1,2,4,1,4,3,2,1,3,1,2,1,1
357,4,36,4,4,4463,1,3,4,1,1,2,3,2,3,2,2,4,1,2,1,2
358,4,12,3,4,776,1,3,4,1,1,2,1,2,3,2,1,3,1,1,1,1
359,1,30,3,3,2406,1,4,4,2,1,4,1,1,3,1,1,3,1,1,1,2
360,2,18,3,7,1239,5,3,4,1,1,4,4,5,3,3,1,3,1,1,1,1
361,3,12,3,4,3399,5,5,2,1,1,3,3,3,3,2,1,4,1,1,1,1
362,3,12,4,1,2247,1,3,2,2,1,2,3,3,2,2,2,3,1,2,1,1
363,4,6,3,3,1766,1,3,1,1,1,2,2,1,3,1,1,3,1,1,1,1
364,1,18,3,3,2473,1,1,4,1,1,1,3,2,3,2,1,1,1,1,1,2
365,4,12,3,10,1542,1,4,2,1,1,4,3,3,3,2,1,3,1,2,1,1
366,4,18,5,2,3850,1,4,3,1,1,1,3,2,3,2,2,3,1,1,1,1
367,1,18,3,3,3650,1,2,1,2,1,4,3,1,3,1,1,3,1,1,1,1
368,1,36,3,3,3446,1,5,4,1,1,2,3,3,3,2,1,3,2,1,1,2
369,2,18,3,3,3001,1,4,2,2,1,4,1,3,3,1,1,3,1,1,1,1
370,4,36,3,1,3079,5,3,4,1,1,4,1,3,3,2,1,3,1,1,1,1
371,4,18,5,4,6070,1,5,3,1,1,4,3,2,3,2,2,3,1,2,1,1
372,4,10,5,3,2146,1,2,1,2,1,3,1,1,3,1,2,3,1,1,1,1
373,4,60,5,1,13756,5,5,2,1,1,4,4,5,1,3,1,4,1,2,1,1
374,2,60,2,11,14782,2,5,3,2,1,4,4,5,1,3,2,4,1,2,1,2
375,1,48,2,10,7685,1,4,2,2,3,4,3,3,3,1,1,3,1,1,1,2
376,4,18,4,4,2320,1,1,2,1,1,3,1,2,3,2,2,3,1,1,1,1
377,4,7,4,4,846,5,5,3,1,1,4,4,3,3,3,1,3,1,1,1,1
378,2,36,3,1,14318,1,5,4,1,1,2,4,5,3,3,1,4,1,2,1,2
379,4,6,5,1,362,2,3,4,2,1,4,3,4,3,2,2,2,1,1,1,1
380,1,20,3,3,2212,5,4,4,1,1,4,3,3,3,2,1,3,1,2,1,1
381,2,18,3,2,12976,1,1,3,2,1,4,4,3,3,3,1,4,1,2,1,2
382,4,22,3,1,1283,5,4,4,2,1,4,2,2,3,1,1,3,1,1,1,1
383,3,12,3,1,1330,1,2,4,1,1,1,1,2,3,2,1,3,1,1,1,1
384,4,30,4,10,4272,2,3,2,1,1,2,2,2,3,2,2,2,1,1,1,1
385,4,18,5,4,2238,1,3,2,2,1,1,3,2,3,2,2,3,1,1,1,1
386,4,18,3,4,1126,5,2,4,2,1,2,1,1,3,1,1,3,1,2,1,1
387,2,18,5,3,7374,1,1,4,1,1,4,2,3,2,2,2,4,1,2,1,1
388,2,15,5,10,2326,3,3,2,1,1,4,3,2,1,2,1,3,1,1,1,1
389,4,9,3,10,1449,1,4,3,2,1,2,3,2,3,2,2,3,1,1,1,1
390,4,18,3,1,1820,1,3,2,1,1,2,2,2,3,2,1,4,1,2,1,1
391,2,12,3,3,983,4,2,1,2,1,4,1,1,3,1,1,2,1,1,1,1
392,1,36,3,1,3249,1,4,2,1,1,4,4,3,1,3,1,4,2,2,1,1
393,1,6,5,4,1957,1,4,1,2,1,4,3,2,3,2,1,3,1,1,1,1
394,4,9,5,3,2406,1,1,2,1,1,3,3,2,3,2,1,4,1,1,1,1
395,2,39,4,7,11760,2,4,2,1,1,3,4,2,3,1,1,3,1,2,1,1
396,1,12,3,3,2578,1,1,3,2,1,4,4,5,3,3,1,4,1,1,1,1
397,1,36,5,3,2348,1,3,3,1,1,2,2,4,3,2,2,3,1,2,1,1
398,2,12,3,1,1223,1,5,1,1,1,1,1,4,3,1,2,3,1,1,1,2
399,4,24,5,4,1516,4,3,4,2,1,1,1,3,3,2,2,2,1,1,1,1
400,4,18,3,4,1473,1,2,3,1,1,4,1,3,3,2,1,3,1,2,1,1
401,2,18,5,10,1887,5,3,4,1,1,4,1,2,1,2,2,3,1,1,1,1
402,4,24,4,10,8648,1,2,2,1,1,2,3,2,1,2,2,3,1,2,1,2
403,4,14,4,1,802,1,3,4,1,1,2,3,2,3,2,2,2,1,1,1,1
404,2,18,4,1,2899,5,5,4,1,1,4,3,3,3,2,1,3,2,1,1,1
405,2,24,3,4,2039,1,2,1,1,1,1,2,1,3,2,1,3,1,2,1,2
406,4,24,5,2,2197,5,4,4,1,1,4,3,3,3,2,2,3,2,2,1,1
407,1,15,3,4,1053,1,2,4,1,1,2,1,2,3,2,1,3,1,1,2,1
408,4,24,3,4,3235,3,5,3,1,1,2,3,2,3,2,1,4,1,2,1,1
409,3,12,5,1,939,3,4,4,1,1,2,1,2,3,2,3,3,1,2,1,2
410,2,24,3,4,1967,1,5,4,2,1,4,3,1,3,2,1,3,1,2,1,1
411,4,33,5,2,7253,1,4,3,1,1,2,3,3,3,2,2,4,1,2,1,1
412,4,12,5,10,2292,1,1,4,1,1,2,3,3,2,2,2,4,1,2,1,2
413,4,10,3,1,1597,3,3,3,1,1,2,4,3,3,1,1,2,2,1,2,1
414,1,24,3,1,1381,5,3,4,2,1,2,2,3,3,2,1,3,1,1,1,2
415,4,36,5,2,5842,1,5,2,1,1,2,2,3,3,2,2,3,2,2,1,1
416,1,12,3,1,2579,1,2,4,1,1,1,1,2,3,2,1,2,2,1,1,2
417,1,18,4,7,8471,5,3,1,2,1,2,3,1,3,1,2,3,1,2,1,1
418,4,21,3,1,2782,3,4,1,2,1,2,3,2,1,2,1,4,1,1,1,1
419,2,18,3,1,1042,5,3,4,2,1,2,2,2,3,2,1,3,1,1,1,2
420,4,15,3,1,3186,4,4,2,2,1,3,3,1,3,1,1,3,1,1,1,1
421,2,12,3,2,2028,5,3,4,1,1,2,3,2,3,2,1,3,1,1,1,1
422,2,12,5,1,958,1,4,2,1,1,3,1,4,3,2,2,2,2,1,1,1
423,4,21,4,3,1591,2,4,4,1,1,3,1,2,3,2,2,4,1,1,1,1
424,2,12,3,3,2762,5,5,1,2,1,2,2,2,1,2,1,3,1,2,1,2
425,2,18,3,2,2779,1,3,1,1,1,3,3,1,3,1,1,3,1,2,1,1
426,4,28,5,4,2743,1,5,4,1,1,2,3,2,3,2,2,3,1,1,1,1
427,4,18,5,4,1149,4,3,4,1,1,3,1,4,3,2,2,3,1,1,1,1
428,4,9,3,3,1313,1,5,1,1,1,4,3,1,3,2,1,3,1,1,1,1
429,1,18,5,6,1190,1,1,2,2,1,4,4,5,3,3,3,1,2,1,1,2
430,4,5,3,10,3448,1,4,1,1,1,4,1,5,3,2,1,2,1,1,1,1
431,2,24,3,11,11328,1,3,2,1,2,3,3,2,1,2,2,4,1,2,1,2
432,1,6,5,3,1872,1,1,4,1,1,4,4,3,3,3,3,4,1,2,1,1
433,4,24,5,6,2058,1,3,4,1,1,2,1,2,3,2,2,3,1,2,1,1
434,1,9,3,3,2136,1,3,3,1,1,2,1,2,3,2,1,3,1,1,1,1
435,2,12,3,4,1484,5,3,2,1,1,1,1,2,3,2,1,3,1,2,1,2
436,4,6,3,6,660,3,4,2,1,1,4,1,1,3,1,1,2,1,1,1,1
437,4,24,5,1,1287,4,5,4,2,1,4,1,3,3,2,2,3,1,2,1,1
438,1,42,5,6,3394,1,1,4,1,2,4,3,5,3,2,2,1,1,1,1,1
439,3,12,2,10,609,1,2,4,2,1,1,1,2,3,2,1,1,1,1,1,2
440,4,12,3,1,1884,1,5,4,1,1,4,3,3,3,2,1,4,1,2,1,1
441,1,12,3,3,1620,1,3,2,2,2,3,2,2,3,2,1,3,1,1,1,1
442,2,20,4,11,2629,1,3,2,1,1,3,3,2,1,2,2,3,1,2,1,1
443,4,12,3,7,719,1,5,4,1,1,4,3,3,1,2,1,2,2,1,1,2
444,2,48,5,3,5096,1,3,2,2,1,3,3,2,3,2,1,4,1,2,1,2
445,4,9,5,7,1244,5,5,4,2,1,4,2,3,3,1,2,2,1,1,1,1
446,1,36,3,1,1842,1,2,4,2,1,4,3,2,3,2,1,3,1,2,1,2
447,2,7,3,4,2576,1,3,2,1,3,2,1,3,3,2,1,3,1,1,1,1
448,3,12,3,3,1424,5,5,3,2,1,4,1,5,3,2,1,4,1,2,1,1
449,2,15,4,6,1512,4,3,3,1,1,3,2,5,2,2,2,3,1,1,1,2
450,4,36,5,2,11054,5,3,4,1,1,2,3,2,3,2,1,4,1,2,1,1
451,4,6,3,4,518,1,3,3,2,1,1,1,2,3,2,1,3,1,1,1,1
452,4,12,1,3,2759,1,5,2,1,1,4,2,2,3,2,2,3,1,1,1,1
453,4,24,3,2,2670,1,5,4,1,1,4,3,3,3,2,1,4,1,2,1,1
454,1,24,3,1,4817,1,4,2,1,2,3,2,2,3,2,1,3,1,2,1,2
455,4,24,3,2,2679,1,2,4,2,1,1,4,2,3,2,1,4,1,2,1,1
456,1,11,5,1,3905,1,3,2,1,1,2,1,3,3,1,2,3,2,1,1,1
457,1,12,3,2,3386,1,5,3,1,1,4,4,3,3,3,1,3,1,2,1,2
458,1,6,3,5,343,1,2,4,2,1,1,1,2,3,2,1,3,1,1,1,1
459,4,18,3,4,4594,1,2,3,1,1,2,3,2,3,2,1,3,1,2,1,1
460,1,36,3,3,3620,1,3,1,1,3,2,2,3,3,2,1,3,2,1,1,1
461,1,15,3,1,1721,1,2,2,1,1,3,1,3,3,2,1,3,1,1,1,1
462,2,12,3,3,3017,1,2,3,2,1,1,1,2,3,1,1,4,1,1,1,1
463,2,12,3,9,754,5,5,4,1,1,4,2,3,3,2,2,3,1,1,1,1
464,4,18,3,10,1950,1,4,4,1,1,1,3,2,2,2,2,3,1,2,1,1
465,1,24,3,2,2924,1,3,3,1,3,4,4,5,1,2,1,3,2,2,1,1
466,1,24,4,4,1659,1,2,4,2,1,2,3,2,3,1,1,2,1,2,1,2
467,4,48,4,4,7238,5,5,3,1,1,3,3,2,1,2,2,3,2,1,1,1
468,4,33,4,10,2764,1,3,2,2,1,2,3,2,3,2,2,3,1,2,1,1
469,4,24,4,2,4679,1,4,3,1,1,3,3,3,3,2,2,2,1,2,1,1
470,2,24,3,4,3092,2,2,3,1,1,2,3,1,3,1,1,3,1,2,1,2
471,1,6,3,7,448,1,2,4,2,1,4,2,1,3,2,1,3,1,1,1,2
472,1,9,3,1,654,1,3,4,1,1,3,3,2,3,2,1,2,1,1,1,2
473,4,6,3,9,1238,5,1,4,1,1,4,2,3,3,2,1,4,2,2,1,1
474,2,18,5,4,1245,1,3,4,1,1,2,3,2,3,2,1,3,1,1,1,2
475,1,18,1,3,3114,1,2,1,2,1,4,2,2,3,1,1,3,1,1,1,2
476,4,39,3,2,2569,3,3,4,1,1,4,3,1,3,2,1,3,1,1,1,1
477,3,24,3,4,5152,1,4,4,1,1,2,3,2,1,2,1,3,1,1,1,1
478,2,12,3,10,1037,2,4,3,1,1,4,1,3,3,2,1,2,1,1,1,1
479,1,15,5,3,1478,1,5,4,1,1,4,3,3,3,2,2,3,2,2,1,1
480,2,12,5,4,3573,1,3,1,2,1,1,1,1,3,2,1,2,1,1,1,1
481,2,24,3,1,1201,1,2,4,1,1,1,2,2,3,2,1,3,1,1,1,1
482,1,30,3,3,3622,4,5,4,2,1,4,2,5,3,1,2,3,1,2,1,1
483,4,15,4,3,960,4,4,3,2,1,2,2,2,3,2,2,3,1,1,1,1
484,4,12,5,1,1163,3,3,4,1,1,4,1,3,3,2,1,3,1,2,1,1
485,2,6,4,1,1209,1,1,4,1,1,4,2,4,3,2,1,4,1,2,1,2
486,4,12,3,4,3077,1,3,2,1,1,4,3,4,3,2,1,3,1,2,1,1
487,4,24,3,1,3757,1,5,4,2,2,4,4,5,3,3,1,3,1,2,1,1
488,4,10,3,1,1418,2,3,3,1,1,2,1,3,3,1,1,2,1,1,2,1
489,4,6,3,1,3518,1,3,2,1,3,3,2,2,3,1,1,3,1,1,1,1
490,4,12,5,4,1934,1,5,2,1,1,2,4,2,3,2,2,3,1,1,1,1
491,2,27,1,10,8318,1,5,2,2,1,4,4,3,3,3,2,4,1,2,1,2
492,4,6,5,4,1237,2,3,1,2,1,1,2,2,3,2,2,3,1,1,1,1
493,2,6,3,4,368,5,5,4,1,1,4,2,3,3,2,1,3,1,1,1,1
494,1,12,5,1,2122,1,3,3,1,1,2,1,3,3,1,2,2,2,1,2,1
495,1,24,3,3,2996,5,3,2,1,1,4,3,1,3,2,1,3,1,1,1,2
496,2,36,3,3,9034,2,2,4,1,2,1,4,2,3,1,1,4,1,2,1,2
497,4,24,5,3,1585,1,4,4,1,1,3,2,3,3,2,2,3,1,1,1,1
498,2,18,3,4,1301,1,5,4,1,3,2,1,2,3,2,1,2,1,1,1,1
499,3,6,5,1,1323,2,5,2,1,1,4,3,2,3,2,2,3,2,2,1,1
500,1,24,3,1,3123,1,2,4,2,1,1,2,2,3,2,1,3,1,1,1,2
501,1,36,3,2,5493,1,5,2,1,1,4,4,3,3,3,1,3,2,1,1,1
502,3,9,3,4,1126,2,5,2,1,1,4,1,4,3,2,1,3,1,1,1,1
503,2,24,5,4,1216,2,2,4,1,1,4,4,3,1,2,2,3,2,1,1,2
504,1,24,3,1,1207,1,2,4,2,1,4,2,1,3,1,1,3,1,1,1,2
505,4,10,3,1,1309,5,3,4,1,3,4,2,2,3,2,1,2,1,1,1,2
506,3,15,5,2,2360,3,3,2,1,1,2,3,3,3,2,1,3,1,2,1,1
507,2,15,2,1,6850,2,1,1,1,1,2,2,2,3,2,1,4,2,2,1,2
508,4,24,3,4,1413,1,3,4,1,1,2,2,2,3,2,1,3,1,1,1,1
509,4,39,3,2,8588,2,5,4,1,1,2,3,4,3,2,1,4,1,2,1,1
510,1,12,3,1,759,1,4,4,1,1,2,1,2,3,2,1,3,1,1,1,2
511,4,36,3,2,4686,1,3,2,1,1,2,4,2,3,3,1,4,1,2,1,1
512,3,15,3,10,2687,1,4,2,1,1,4,2,2,3,1,1,3,1,2,1,1
513,2,12,4,4,585,1,3,4,1,2,4,1,1,3,1,2,3,1,1,1,1
514,4,24,3,1,2255,5,2,4,1,1,1,2,4,3,2,1,3,1,1,1,1
515,1,6,5,1,609,1,4,4,2,1,3,2,3,3,2,2,3,1,1,2,1
516,1,6,5,1,1361,1,2,2,1,1,4,1,3,3,2,1,2,2,1,2,1
517,4,36,5,3,7127,1,2,2,2,1,4,2,1,3,1,2,3,1,2,1,2
518,1,6,3,1,1203,2,5,3,1,1,2,2,3,3,2,1,3,1,2,1,1
519,4,6,5,4,700,5,5,4,1,1,4,4,3,3,3,2,3,1,1,1,1
520,4,24,5,6,5507,1,5,3,1,1,4,4,3,3,3,2,3,1,1,1,1
521,1,18,3,4,3190,1,3,2,2,1,2,1,1,3,2,1,3,1,1,1,2
522,1,48,1,3,7119,1,3,3,1,1,4,4,4,3,3,2,3,2,1,1,2
523,4,24,3,2,3488,2,4,3,2,1,4,3,1,3,2,1,3,1,1,1,1
524,2,18,3,4,1113,1,3,4,2,3,4,1,2,3,2,1,2,2,1,1,1
525,2,26,3,2,7966,1,2,2,1,1,3,3,2,3,2,2,3,1,1,1,1
526,4,15,5,7,1532,2,3,4,2,1,3,3,2,3,2,1,3,1,1,1,1
527,4,4,5,4,1503,1,4,2,1,1,1,1,3,3,2,2,2,2,1,1,1
528,1,36,3,4,2302,1,3,4,1,1,4,3,2,3,1,1,3,1,1,1,2
529,1,6,3,1,662,1,2,3,1,1,4,1,3,3,2,1,2,2,2,1,1
530,2,36,3,7,2273,1,4,3,1,1,1,3,2,3,2,2,3,2,1,1,1
531,2,15,3,1,2631,2,3,2,2,1,4,3,2,3,1,2,3,1,2,1,2
532,4,12,4,2,1503,1,3,4,1,1,4,1,3,3,1,1,3,1,1,1,1
533,4,24,3,4,1311,2,4,4,1,1,3,2,2,3,2,1,3,1,2,1,1
534,4,24,3,4,3105,5,2,4,1,1,2,3,2,3,2,2,3,1,1,1,1
535,3,21,5,7,2319,1,2,2,1,1,1,3,2,3,1,1,3,1,1,1,2
536,1,6,3,1,1374,5,1,4,2,1,3,2,5,3,2,1,4,1,2,1,1
537,2,18,5,3,3612,1,5,3,2,1,4,2,3,3,2,1,3,1,2,1,1
538,1,48,3,1,7763,1,5,4,1,1,4,4,3,1,3,1,4,1,1,1,2
539,3,18,3,3,3049,1,2,1,2,1,1,2,4,2,2,1,2,1,1,1,1
540,2,12,3,4,1534,1,2,1,1,1,1,1,1,3,1,1,3,1,1,1,2
541,4,24,4,1,2032,1,5,4,1,1,4,4,5,3,3,2,3,1,2,1,1
542,1,30,3,3,6350,5,5,4,1,1,4,2,2,3,2,1,3,1,1,1,2
543,3,18,3,3,2864,1,3,2,1,1,1,1,2,3,2,1,2,2,1,1,2
544,4,12,5,1,1255,1,5,4,1,1,4,1,5,3,2,2,2,1,1,1,1
545,1,24,4,1,1333,1,1,4,1,1,2,1,3,3,3,2,3,2,1,1,2
546,4,24,5,1,2022,1,3,4,2,1,4,3,3,3,2,1,3,1,2,1,1
547,4,24,3,4,1552,1,4,3,1,1,1,3,2,1,2,1,3,2,1,1,1
548,1,12,2,4,626,1,3,4,2,1,4,1,1,1,2,1,2,1,1,1,2
549,4,48,5,2,8858,5,4,2,1,1,1,4,3,3,3,2,3,1,2,1,1
550,4,12,5,6,996,5,4,4,2,1,4,1,1,3,2,2,3,1,1,1,1
551,4,6,2,4,1750,3,5,2,1,1,4,2,4,1,2,1,2,2,1,1,1
552,1,48,3,4,6999,1,4,1,1,3,1,1,2,3,2,2,3,1,2,1,2
553,2,12,5,1,1995,2,2,4,1,1,1,3,2,3,2,1,3,1,1,1,1
554,2,9,3,7,1199,1,4,4,2,1,4,2,5,3,2,2,4,1,2,1,1
555,2,12,3,4,1331,1,2,2,1,1,1,3,1,2,2,1,3,1,1,1,2
556,2,18,1,1,2278,2,2,3,2,1,3,3,2,3,2,2,3,1,1,1,2
557,4,21,1,1,5003,5,3,1,2,1,4,2,2,1,2,2,3,1,2,1,2
558,1,24,2,3,3552,1,4,3,1,1,4,3,2,1,2,1,3,1,1,1,2
559,2,18,5,3,1928,1,2,2,1,1,2,1,2,3,2,2,2,1,1,1,2
560,1,24,3,2,2964,5,5,4,1,1,4,4,4,1,3,1,3,2,2,1,1
561,1,24,2,4,1546,1,4,4,1,3,4,3,1,1,1,1,2,1,1,1,2
562,3,6,4,4,683,1,2,2,2,1,1,2,2,1,2,1,3,1,1,1,1
563,2,36,3,1,12389,5,3,1,1,1,4,4,3,3,3,1,3,1,2,1,2
564,2,24,4,10,4712,5,3,4,1,1,2,2,3,1,2,2,4,1,2,1,1
565,2,24,4,4,1553,2,4,3,2,1,2,2,1,3,1,2,3,1,2,1,1
566,1,12,3,1,1372,1,4,2,1,1,3,3,3,3,2,1,3,1,1,1,2
567,4,24,5,4,2578,4,5,2,1,1,2,3,2,3,2,1,3,1,1,1,1
568,2,48,3,4,3979,5,4,4,1,1,1,3,3,3,2,2,3,2,2,1,1
569,1,48,3,4,6758,1,3,3,2,1,2,3,2,3,2,1,3,1,2,1,2
570,1,24,3,3,3234,1,2,4,2,1,4,1,1,3,1,1,2,1,2,1,2
571,4,30,5,4,5954,1,4,3,1,2,2,3,3,3,2,1,3,1,1,1,1
572,4,24,3,2,5433,5,1,2,2,1,4,2,2,3,1,1,4,1,2,1,1
573,1,15,3,10,806,1,3,4,2,1,4,2,1,3,2,1,2,1,1,1,1
574,2,9,3,4,1082,1,5,4,1,1,4,3,2,3,2,2,2,1,1,1,1
575,4,15,5,3,2788,1,4,2,2,2,3,3,1,1,2,2,3,1,1,1,1
576,2,12,3,4,2930,1,4,2,2,1,1,1,2,3,2,1,3,1,1,1,1
577,4,24,5,7,1927,5,3,3,2,1,2,3,2,3,2,2,3,1,2,1,1
578,2,36,5,1,2820,1,2,4,1,1,4,3,2,3,2,2,3,1,1,1,2
579,4,24,3,9,937,1,2,4,1,1,3,3,2,3,2,2,2,1,1,1,1
580,2,18,5,1,1056,1,5,3,1,3,3,1,2,1,2,2,3,1,1,1,2
581,2,12,5,1,3124,1,2,1,1,1,3,1,4,1,2,2,2,2,1,1,1
582,4,9,3,3,1388,1,3,4,2,1,2,1,2,3,1,1,3,1,1,1,1
583,2,36,3,6,2384,1,2,4,1,1,1,4,2,3,1,1,2,1,1,1,2
584,4,12,3,1,2133,5,5,4,2,1,4,4,4,3,3,1,4,1,2,1,1
585,1,18,3,3,2039,1,3,1,2,1,4,1,1,1,1,1,3,1,1,1,2
586,1,9,5,1,2799,1,3,2,1,1,2,1,3,3,1,2,3,2,1,1,1
587,1,12,3,3,1289,1,3,4,1,3,1,2,1,3,2,1,2,1,1,1,1
588,1,18,3,5,1217,1,3,4,1,1,3,1,4,3,2,1,2,1,2,1,2
589,1,12,5,3,2246,1,5,3,1,1,3,2,5,3,2,2,3,1,1,1,2
590,1,12,5,4,385,1,4,4,2,1,3,1,5,3,2,4,2,1,2,1,1
591,2,24,4,1,1965,5,3,4,2,1,4,3,3,3,1,2,3,1,2,1,1
592,4,21,3,10,1572,4,5,4,2,1,4,1,3,1,2,1,2,1,1,1,1
593,2,24,3,1,2718,1,3,3,2,1,4,2,1,3,1,1,2,1,2,1,2
594,1,24,2,11,1358,5,5,4,1,1,3,3,3,2,2,1,4,1,2,1,2
595,2,6,2,1,931,2,2,1,2,1,1,2,2,2,2,1,2,1,1,1,2
596,1,24,3,1,1442,1,4,4,2,1,4,3,1,3,1,2,3,1,1,1,2
597,2,24,1,10,4241,1,3,1,1,1,4,1,3,3,2,3,2,1,2,1,2
598,4,18,5,1,2775,1,4,2,1,1,2,2,2,1,2,2,3,1,1,1,2
599,4,24,4,10,3863,1,3,1,1,1,2,4,2,3,3,1,3,1,1,1,1
600,2,7,3,4,2329,1,2,1,2,3,1,1,4,3,2,1,3,1,1,1,1
601,2,9,3,3,918,1,3,4,2,1,1,2,2,3,2,1,3,1,1,1,2
602,2,24,2,7,1837,1,4,4,2,1,4,4,2,1,3,1,2,1,1,1,2
603,4,36,3,3,3349,1,3,4,2,1,2,3,2,3,2,1,4,1,2,1,2
604,3,10,3,3,1275,1,2,4,2,1,2,2,1,3,2,1,3,1,1,1,1
605,1,24,2,3,2828,3,3,4,1,1,4,1,1,2,2,1,3,1,2,1,1
606,4,24,5,10,4526,1,3,3,1,1,2,1,5,3,2,1,4,1,2,1,1
607,2,36,3,4,2671,2,3,4,2,2,4,4,4,3,3,1,3,1,1,1,2
608,4,18,3,4,2051,1,2,4,1,1,1,1,2,3,2,1,3,1,1,1,1
609,4,15,3,2,1300,5,5,4,1,1,4,4,4,1,3,1,3,2,1,1,1
610,1,12,3,5,741,2,1,4,2,1,3,2,1,3,2,1,3,1,1,1,2
611,3,10,3,1,1240,2,5,1,2,1,4,4,4,3,3,1,2,2,1,1,2
612,1,21,3,4,3357,4,2,4,2,1,2,3,2,1,2,1,3,1,1,1,1
613,1,24,2,2,3632,1,3,1,2,3,4,3,1,1,1,1,3,1,1,2,1
614,4,18,4,3,1808,1,4,4,2,1,1,1,1,3,2,1,3,1,1,1,2
615,2,48,1,10,12204,5,3,2,1,1,2,3,4,1,2,1,4,1,2,1,1
616,2,60,4,4,9157,5,3,2,1,1,2,4,2,3,3,1,4,1,1,1,1
617,1,6,5,1,3676,1,3,1,1,1,3,1,3,3,1,3,3,2,1,1,1
618,2,30,3,3,3441,2,3,2,2,2,4,3,1,3,1,1,3,1,1,1,2
619,4,12,3,1,640,1,3,4,1,1,2,1,4,3,2,1,2,1,1,1,1
620,2,21,5,10,3652,1,4,2,1,1,3,2,2,3,2,2,3,1,1,1,1
621,4,18,5,1,1530,1,3,3,1,1,2,2,2,1,2,2,3,1,1,1,2
622,4,48,3,10,3914,5,3,4,1,1,2,1,3,1,2,1,3,1,1,1,2
623,1,12,3,3,1858,1,2,4,2,1,1,3,1,3,1,1,3,1,1,1,1
624,1,18,3,4,2600,1,3,4,1,1,4,4,5,3,3,2,3,1,1,1,2
625,4,15,3,4,1979,5,5,4,1,1,2,3,3,3,2,1,3,1,1,1,1
626,3,6,3,3,2116,1,3,2,1,1,2,1,3,3,2,1,3,1,2,1,1
627,2,9,2,1,1437,2,4,2,1,1,3,4,2,3,2,1,3,1,1,1,2
628,4,42,5,3,4042,3,3,4,1,1,4,1,3,3,2,2,3,1,2,1,1
629,4,9,3,7,3832,5,5,1,1,1,4,1,5,3,2,1,2,1,1,1,1
630,1,24,3,4,3660,1,3,2,2,1,4,3,2,3,2,1,3,1,1,1,1
631,1,18,2,3,1553,1,3,4,1,1,3,3,3,1,2,1,3,1,1,1,2
632,2,15,3,4,1444,5,2,4,1,1,1,2,1,3,2,1,3,1,1,1,1
633,4,9,3,3,1980,1,2,2,2,2,2,3,1,3,1,2,3,1,1,1,2
634,2,24,3,1,1355,1,2,3,2,1,4,3,2,3,2,1,2,1,2,1,2
635,4,12,3,7,1393,1,5,4,1,1,4,2,4,1,2,3,3,2,2,1,1
636,4,24,3,4,1376,3,4,4,2,1,1,3,2,3,2,1,3,1,1,1,1
637,4,60,4,4,15653,1,4,2,1,1,4,3,1,3,2,2,3,1,2,1,1
638,4,12,3,4,1493,1,2,4,2,1,3,3,2,3,2,1,3,2,1,1,1
639,1,42,4,4,4370,1,4,3,1,1,2,2,2,1,2,2,3,2,2,1,2
640,1,18,3,7,750,1,1,4,2,1,1,1,2,3,2,1,1,1,1,1,2
641,2,15,3,6,1308,1,5,4,1,1,4,3,3,3,2,2,2,1,1,1,1
642,4,15,3,7,4623,2,3,3,1,1,2,2,3,3,2,1,4,1,2,1,2
643,4,24,5,4,1851,1,4,4,1,3,2,3,2,3,2,2,3,1,2,1,1
644,1,18,5,4,1880,1,4,4,1,1,1,2,2,3,2,2,4,1,2,1,1
645,4,36,4,10,7980,5,2,4,1,1,4,3,2,3,1,2,3,1,2,1,2
646,1,30,1,3,4583,1,3,2,1,3,2,1,2,3,2,2,3,1,1,1,1
647,4,12,3,1,1386,3,3,2,2,1,2,2,2,3,2,1,3,1,1,1,2
648,3,24,3,1,947,1,4,4,1,1,3,4,3,1,3,1,3,2,1,1,2
649,1,12,3,7,684,1,3,4,1,1,4,3,3,3,1,1,2,2,1,1,2
650,1,48,3,7,7476,1,4,4,1,1,1,4,4,3,3,1,4,1,2,1,1
651,2,12,3,3,1922,1,3,4,1,1,2,2,3,3,2,1,2,1,1,1,2
652,1,24,3,1,2303,1,5,4,1,2,1,1,4,3,2,1,3,1,1,1,2
653,2,36,4,1,8086,2,5,2,1,1,4,3,3,3,2,4,4,1,2,1,2
654,4,24,5,2,2346,1,4,4,1,1,3,3,3,3,2,2,3,1,2,1,1
655,1,14,3,1,3973,1,1,1,1,1,4,4,1,3,3,1,3,1,1,1,1
656,2,12,3,1,888,1,5,4,1,1,4,3,3,1,2,1,2,2,1,1,2
657,4,48,3,4,10222,5,4,4,1,1,3,3,3,2,2,1,3,1,2,1,1
658,2,30,1,10,4221,1,3,2,2,1,1,3,2,3,2,2,3,1,1,1,1
659,2,18,5,3,6361,1,5,2,1,1,1,4,3,3,2,1,3,1,2,1,1
660,3,12,3,4,1297,1,3,3,1,1,4,1,1,3,1,1,3,1,1,1,1
661,1,12,3,1,900,5,3,4,1,1,2,3,1,3,2,1,3,1,1,1,2
662,4,21,3,3,2241,1,5,4,1,1,2,1,4,3,2,2,3,1,1,1,1
663,2,6,4,3,1050,1,1,4,1,1,1,2,3,2,2,2,4,1,2,1,1
664,3,6,5,7,1047,1,3,2,2,1,4,2,4,3,2,1,2,1,1,1,1
665,4,24,5,11,6314,1,1,4,1,2,2,4,2,1,2,2,4,1,2,1,1
666,2,30,2,3,3496,4,3,4,1,1,2,3,2,2,2,1,3,2,2,1,1
667,4,48,2,10,3609,1,3,1,2,1,1,1,2,2,2,1,3,1,1,1,1
668,1,12,5,1,4843,1,5,3,1,2,4,2,3,3,1,2,3,1,2,1,2
669,3,30,5,4,3017,1,5,4,1,1,4,2,4,3,2,1,3,1,1,1,1
670,4,24,5,10,4139,2,3,3,1,1,3,2,2,3,2,2,2,1,2,1,1
671,4,36,3,10,5742,2,4,2,1,1,2,3,2,3,2,2,3,1,2,1,1
672,4,60,3,1,10366,1,5,2,1,1,4,2,3,3,2,1,4,1,2,1,1
673,4,6,5,1,2080,3,3,1,1,1,2,3,1,3,2,1,3,1,1,1,1
674,4,21,4,10,2580,3,2,4,1,1,2,1,3,1,2,1,2,2,1,1,2
675,4,30,5,4,4530,1,4,4,2,1,4,3,2,3,1,1,4,1,2,1,1
676,4,24,5,3,5150,1,5,4,1,1,4,3,2,3,2,1,3,1,2,1,1
677,2,72,3,4,5595,2,3,2,1,1,2,3,1,3,2,1,3,1,1,1,2
678,1,24,3,4,2384,1,5,4,1,1,4,1,5,1,1,1,2,1,1,1,1
679,4,18,3,4,1453,1,2,3,2,1,1,1,2,3,2,1,3,1,1,1,1
680,4,6,3,7,1538,1,2,1,2,1,2,4,5,3,2,1,3,1,1,1,1
681,4,12,3,4,2279,5,3,4,1,1,4,4,3,3,3,1,3,1,2,1,1
682,4,15,4,4,1478,1,3,4,1,1,3,1,2,1,2,2,3,1,1,1,1
683,4,24,5,4,5103,1,2,3,1,1,3,4,4,3,3,3,3,1,2,1,1
684,2,36,4,10,9857,2,4,1,1,1,3,2,2,3,2,2,2,2,2,1,1
685,4,60,3,1,6527,5,3,4,1,1,4,4,2,3,3,1,3,2,2,1,1
686,3,10,5,4,1347,5,4,4,1,1,2,2,2,3,2,2,3,1,2,1,1
687,2,36,4,1,2862,2,5,4,1,1,3,4,2,3,3,1,3,1,1,1,1
688,4,9,3,4,2753,2,5,3,1,2,4,3,3,3,2,1,3,1,2,1,1
689,1,12,3,1,3651,4,3,1,1,1,3,2,2,3,2,1,3,2,1,1,1
690,1,15,5,3,975,1,3,2,1,1,3,2,2,3,2,2,3,1,1,1,1
691,2,15,3,6,2631,2,3,3,2,1,2,1,2,3,2,1,2,1,1,1,1
692,2,24,3,4,2896,2,2,2,1,1,1,3,2,3,2,1,3,1,1,1,1
693,1,6,5,1,4716,5,2,1,1,1,3,1,3,3,2,2,2,2,1,1,1
694,4,24,3,4,2284,1,4,4,1,1,2,3,2,3,2,1,3,1,2,1,1
695,4,6,3,2,1236,3,3,2,1,1,4,2,4,3,1,1,3,1,1,1,1
696,2,12,3,4,1103,1,4,4,1,3,3,1,2,3,2,2,3,1,1,2,1
697,4,12,5,1,926,1,1,1,2,1,2,2,3,3,2,1,1,1,1,1,1
698,4,18,5,4,1800,1,3,4,1,1,2,3,1,3,2,2,3,1,1,1,1
699,3,15,3,7,1905,1,5,4,1,1,4,3,3,3,1,1,4,1,2,1,1
700,4,12,3,3,1123,3,3,4,2,1,4,3,2,3,1,1,2,1,1,1,2
701,1,48,5,2,6331,1,5,4,1,1,4,4,4,3,3,2,3,1,2,1,2
702,3,24,3,4,1377,2,5,4,2,1,2,4,4,3,3,1,3,1,2,1,1
703,2,30,4,10,2503,2,5,4,1,1,2,2,3,2,2,2,3,1,1,1,1
704,2,27,3,10,2528,1,2,4,2,1,1,2,2,3,2,1,3,2,2,1,1
705,4,15,3,1,5324,3,5,1,2,1,4,4,3,3,3,1,3,1,1,1,1
706,2,48,3,1,6560,2,4,3,1,1,2,2,1,3,2,1,3,1,1,1,2
707,2,12,1,3,2969,1,2,4,2,1,3,2,2,3,1,2,3,1,1,1,2
708,2,9,3,4,1206,1,5,4,2,1,4,1,2,3,2,1,3,1,1,1,1
709,2,9,3,4,2118,1,3,2,1,1,2,1,3,3,2,1,2,2,1,1,1
710,4,18,5,4,629,3,5,4,1,1,3,2,2,1,2,2,4,1,2,1,1
711,1,6,2,7,1198,1,5,4,2,1,4,4,3,3,3,1,3,1,1,1,2
712,4,21,3,2,2476,5,5,4,1,1,4,1,4,3,2,1,4,1,2,1,1
713,1,9,5,4,1138,1,3,4,1,1,4,1,2,3,2,2,2,1,1,1,1
714,2,60,3,1,14027,1,4,4,1,1,2,4,2,3,2,1,4,1,2,1,2
715,4,30,5,2,7596,5,5,1,1,1,4,3,5,3,2,2,3,1,1,1,1
716,4,30,5,4,3077,5,5,3,1,1,2,3,3,3,2,2,3,2,2,1,1
717,4,18,3,4,1505,1,3,4,1,1,2,4,2,3,3,1,4,1,2,1,1
718,3,24,5,4,3148,5,3,3,1,1,2,3,2,3,2,2,3,1,2,1,1
719,2,20,1,2,6148,2,5,3,1,1,4,3,2,1,2,2,3,1,2,1,1
720,3,9,1,4,1337,1,2,4,1,1,2,3,2,3,2,2,4,1,2,1,2
721,2,6,2,7,433,4,2,4,2,1,2,2,1,1,1,1,3,2,1,1,2
722,1,12,3,1,1228,1,3,4,2,1,2,1,1,3,2,1,2,1,1,1,2
723,2,9,3,4,790,3,3,4,2,1,3,1,5,3,2,1,2,1,1,1,1
724,4,27,3,1,2570,1,3,3,2,1,3,1,1,3,1,1,3,1,1,1,2
725,4,6,5,1,250,4,3,2,2,1,2,1,3,1,2,2,2,1,1,1,1
726,4,15,5,4,1316,3,3,2,1,1,2,2,4,3,2,2,2,1,1,1,1
727,1,18,3,4,1882,1,3,4,2,1,4,3,2,1,1,2,3,1,1,1,2
728,2,48,2,10,6416,1,5,4,2,1,3,4,5,3,1,1,3,1,1,1,2
729,3,24,5,10,1275,4,3,2,1,1,4,1,3,3,2,2,3,1,2,1,1
730,2,24,4,4,6403,1,2,1,1,1,2,3,2,3,2,1,3,1,1,1,1
731,1,24,3,4,1987,1,3,2,1,1,4,1,1,3,1,1,2,2,1,1,2
732,2,8,3,4,760,1,4,4,2,3,2,1,3,3,2,1,2,1,1,1,1
733,4,24,3,2,2603,4,3,2,2,1,4,3,2,3,1,1,3,1,2,1,1
734,4,4,5,1,3380,1,4,1,2,1,1,1,3,3,2,1,3,2,1,1,1
735,2,36,2,5,3990,5,2,3,2,1,2,4,2,1,2,1,1,1,1,1,1
736,2,24,3,2,11560,1,3,1,2,1,4,3,1,3,1,2,4,1,1,1,2
737,1,18,3,1,4380,2,3,3,1,1,4,3,3,3,2,1,2,2,2,1,1
738,4,6,5,1,6761,1,4,1,1,1,3,4,4,3,2,2,4,2,2,1,1
739,2,30,1,10,4280,2,3,4,2,1,4,3,2,3,1,2,2,1,1,1,2
740,1,24,2,1,2325,2,4,2,1,1,3,3,2,1,2,1,3,1,1,1,1
741,2,10,2,4,1048,1,3,4,1,1,4,1,1,2,2,1,2,1,1,1,1
742,4,21,3,4,3160,5,5,4,1,1,3,2,3,3,2,1,3,1,2,1,1
743,1,24,2,3,2483,3,3,4,1,1,4,1,1,2,2,1,3,1,2,1,1
744,1,39,5,3,14179,5,4,4,1,1,4,2,2,3,2,2,4,1,2,1,1
745,1,13,5,10,1797,1,2,3,1,1,1,2,2,1,2,2,2,1,1,1,1
746,1,15,3,1,2511,1,1,1,2,1,4,3,1,3,1,1,3,1,1,1,1
747,1,12,3,1,1274,1,2,3,2,1,1,1,3,3,2,1,2,1,1,1,2
748,4,21,3,2,5248,5,3,1,1,1,3,3,2,3,2,1,3,1,1,1,1
749,4,15,3,2,3029,1,4,2,1,1,2,3,2,3,2,1,3,1,1,1,1
750,1,6,3,3,428,1,5,2,2,1,1,2,4,1,2,1,3,1,2,1,1
751,1,18,3,1,976,1,2,1,2,1,2,3,1,3,2,1,2,1,1,1,2
752,2,12,3,10,841,2,4,2,2,1,4,1,1,3,1,1,2,1,1,1,1
753,4,30,5,4,5771,1,4,4,2,1,2,3,2,3,2,2,3,1,1,1,1
754,4,12,4,6,1555,4,5,4,1,1,4,4,5,3,3,2,3,2,1,1,2
755,1,24,3,1,1285,5,4,4,2,1,4,4,2,3,1,1,3,1,1,1,2
756,3,6,5,1,1299,1,3,1,1,1,1,1,5,3,2,3,1,2,1,2,1
757,3,15,5,4,1271,5,3,3,1,1,4,4,3,3,3,2,3,1,2,1,2
758,4,24,3,1,1393,1,3,2,1,3,2,1,2,3,2,1,3,1,2,1,1
759,1,12,5,1,691,1,5,4,1,1,3,2,3,3,2,2,3,1,1,1,2
760,4,15,5,1,5045,5,5,1,2,1,4,3,5,3,2,1,3,1,2,1,1
761,1,18,5,3,2124,1,3,4,2,1,4,1,1,3,1,2,3,1,1,1,2
762,1,12,3,4,2214,1,3,4,1,1,3,2,1,3,2,1,2,1,1,1,1
763,4,21,5,1,12680,5,5,4,1,1,4,4,2,3,3,1,4,1,2,1,2
764,4,24,5,1,2463,2,4,4,1,1,3,2,2,3,2,2,3,1,2,1,1
765,2,12,3,4,1155,1,5,3,1,3,3,1,3,1,2,2,2,1,1,1,1
766,1,30,3,3,3108,1,2,2,1,1,4,2,2,3,2,1,2,1,1,1,2
767,4,10,3,2,2901,5,2,1,2,1,4,1,2,3,1,1,3,1,1,1,1
768,2,12,5,3,3617,1,5,1,1,1,4,3,2,3,1,3,3,1,2,1,1
769,4,12,5,4,1655,1,5,2,1,1,4,1,5,3,2,2,2,1,2,1,1
770,1,24,3,2,2812,5,5,2,2,1,4,1,2,3,1,1,3,1,1,1,1
771,1,36,5,7,8065,1,3,3,2,1,2,4,2,3,2,2,4,1,2,1,2
772,4,21,5,2,3275,1,5,1,1,1,4,3,3,3,2,1,4,1,2,1,1
773,4,24,5,4,2223,2,5,4,1,1,4,2,4,1,2,2,3,1,1,1,1
774,3,12,5,1,1480,3,1,2,1,1,4,4,5,1,3,3,1,1,1,1,1
775,1,24,3,1,1371,5,3,4,2,1,4,1,2,3,1,1,3,1,1,1,2
776,4,36,5,1,3535,1,4,4,1,1,4,3,3,3,2,2,3,1,2,1,1
777,1,18,3,4,3509,1,4,4,2,3,1,1,2,3,2,1,3,1,1,1,1
778,4,36,5,2,5711,4,5,4,1,1,2,3,3,3,2,2,4,1,2,1,1
779,2,18,3,6,3872,1,1,2,2,1,4,3,5,3,2,1,3,1,2,1,1
780,2,39,5,4,4933,1,4,2,1,3,2,1,2,3,2,2,3,1,1,1,2
781,4,24,5,1,1940,4,5,4,1,1,4,1,5,3,2,1,3,1,2,1,1
782,2,12,1,9,1410,1,3,2,1,1,2,1,2,3,2,1,2,1,2,1,1
783,2,12,3,1,836,2,2,4,2,1,2,2,1,1,2,1,2,1,1,1,2
784,2,20,3,2,6468,5,1,1,1,1,4,1,5,3,2,1,4,1,2,1,1
785,2,18,3,10,1941,4,3,4,1,1,2,2,3,3,2,1,2,1,2,1,1
786,4,22,3,4,2675,3,5,3,1,1,4,3,3,3,2,1,3,1,1,1,1
787,4,48,5,2,2751,5,5,4,1,1,3,3,3,3,2,2,3,2,2,1,1
788,2,48,4,7,6224,1,5,4,1,1,4,4,4,3,3,1,3,1,1,1,2
789,1,40,5,7,5998,1,3,4,1,1,3,4,2,1,2,1,3,1,2,1,2
790,2,21,3,10,1188,1,5,2,2,1,4,2,3,3,2,1,3,2,1,1,2
791,4,24,3,2,6313,5,5,3,1,1,4,3,3,3,2,1,4,2,2,1,1
792,4,6,5,3,1221,5,3,1,1,1,2,2,2,3,2,2,3,1,1,1,1
793,3,24,3,3,2892,1,5,3,1,1,4,4,4,3,3,1,3,1,1,1,1
794,4,24,3,3,3062,3,5,4,1,1,3,4,2,3,1,1,3,1,2,1,1
795,4,9,3,3,2301,2,2,2,2,1,4,2,1,3,1,1,3,1,1,1,1
796,1,18,3,2,7511,5,5,1,1,1,4,2,4,3,3,1,3,2,2,1,2
797,4,12,5,3,1258,1,2,2,2,1,4,2,1,3,1,2,2,1,1,1,1
798,4,24,4,1,717,5,5,4,1,1,4,3,4,3,2,2,3,1,2,1,1
799,2,9,3,1,1549,5,2,4,1,1,2,1,3,3,2,1,1,1,1,1,1
800,4,24,5,7,1597,1,5,4,1,1,4,4,4,3,3,2,3,2,1,1,1
801,2,18,5,4,1795,1,5,3,2,3,4,1,4,1,1,2,2,1,2,1,1
802,1,20,5,3,4272,1,5,1,2,1,4,2,1,3,2,2,3,1,1,1,1
803,4,12,5,4,976,5,5,4,1,1,4,3,3,3,2,2,3,1,1,1,1
804,2,12,3,1,7472,5,1,1,2,1,2,1,1,3,1,1,1,1,1,1,1
805,1,36,3,1,9271,1,4,2,1,1,1,3,1,3,2,1,3,1,2,1,2
806,2,6,3,4,590,1,2,3,1,1,3,1,2,3,2,1,2,1,1,2,1
807,4,12,5,4,930,5,5,4,1,1,4,1,5,3,2,4,3,1,1,1,1
808,2,42,2,2,9283,1,1,1,1,1,2,4,5,1,3,1,4,1,2,1,1
809,2,15,1,1,1778,1,2,2,2,1,1,1,2,3,1,2,1,1,1,1,2
810,2,8,3,10,907,1,2,3,1,1,2,1,2,3,2,1,3,1,2,1,1
811,2,6,3,4,484,1,4,3,1,3,3,1,2,1,2,1,2,1,1,1,1
812,1,36,5,2,9629,1,4,4,1,1,4,3,1,3,2,2,3,1,2,1,2
813,1,48,3,5,3051,1,3,3,1,1,4,3,4,3,2,1,3,1,1,1,2
814,1,48,3,1,3931,1,4,4,1,1,4,4,4,3,3,1,3,2,1,1,2
815,2,36,4,1,7432,1,3,2,2,1,2,2,4,3,1,1,3,1,1,1,1
816,4,6,3,5,1338,3,3,1,1,1,4,1,5,3,2,1,3,1,1,1,1
817,4,6,5,4,1554,1,4,1,2,1,2,3,1,3,1,2,3,1,2,1,1
818,1,36,3,11,15857,1,1,2,1,2,3,3,3,3,2,1,4,1,1,1,1
819,1,18,3,4,1345,1,3,4,1,1,3,1,2,1,2,1,3,1,1,1,2
820,4,12,3,1,1101,1,3,3,1,1,2,1,2,3,2,2,3,1,2,1,1
821,3,12,3,4,3016,1,3,3,1,1,1,3,1,3,2,1,3,1,1,1,1
822,1,36,3,3,2712,1,5,2,1,1,2,2,3,1,2,1,3,2,1,1,2
823,1,8,5,1,731,1,5,4,1,1,4,1,4,3,2,2,2,1,1,1,1
824,4,18,5,3,3780,1,2,3,1,1,2,3,3,3,2,2,4,1,2,1,1
825,1,21,5,1,1602,1,5,4,1,1,3,3,2,3,2,2,3,1,2,1,1
826,1,18,5,1,3966,1,5,1,2,1,4,1,2,1,1,3,3,1,2,1,2
827,4,18,1,10,4165,1,3,2,1,1,2,3,3,2,2,2,3,2,1,1,2
828,1,36,3,2,8335,5,5,3,1,1,4,4,4,3,3,1,3,1,1,1,2
829,2,48,4,10,6681,5,3,4,1,1,4,4,3,3,3,1,3,2,2,1,1
830,4,24,4,10,2375,3,3,4,1,1,2,3,3,3,2,2,3,2,2,1,1
831,1,18,3,1,1216,1,2,4,2,1,3,3,1,3,1,1,3,1,2,1,2
832,1,45,1,10,11816,1,5,2,1,1,4,3,2,3,1,2,3,1,1,1,2
833,2,24,3,4,5084,5,5,2,2,1,4,3,3,3,2,1,3,1,2,1,1
834,3,15,3,4,2327,1,2,2,2,1,3,1,2,3,2,1,2,1,1,1,2
835,1,12,1,1,1082,1,3,4,1,1,4,3,4,1,2,2,3,1,1,1,2
836,4,12,3,4,886,5,3,4,2,1,2,3,1,3,2,1,3,1,1,1,1
837,4,4,3,3,601,1,2,1,2,1,3,1,1,3,1,1,2,2,1,1,1
838,1,24,5,2,2957,1,5,4,1,1,4,2,5,3,2,2,3,1,2,1,1
839,4,24,5,4,2611,1,5,4,1,2,3,1,4,3,2,2,3,1,1,1,1
840,1,36,3,3,5179,1,4,4,1,1,2,2,2,3,2,1,3,1,1,1,2
841,4,21,4,2,2993,1,3,3,1,1,2,1,2,2,2,2,2,1,1,1,1
842,4,18,3,6,1943,1,2,4,2,1,4,1,1,3,2,1,3,1,1,1,2
843,4,24,2,10,1559,1,4,4,1,1,4,3,4,1,2,1,3,1,2,1,1
844,4,18,3,3,3422,1,5,4,1,1,4,2,4,1,2,3,3,2,2,1,1
845,2,21,3,3,3976,5,4,2,1,1,3,3,3,3,2,1,3,1,2,1,1
846,4,18,3,1,6761,5,3,2,1,1,4,3,5,3,1,2,3,1,1,1,2
847,4,24,3,1,1249,1,2,4,1,1,2,1,2,3,2,1,3,1,1,1,1
848,1,9,3,4,1364,1,4,3,1,1,4,1,5,3,2,1,3,1,1,1,1
849,1,12,3,4,709,1,5,4,1,1,4,1,5,2,2,1,2,1,1,1,2
850,1,20,5,1,2235,1,3,4,1,3,2,2,2,1,1,2,3,1,1,2,2
851,4,24,5,2,4042,5,4,3,1,1,4,2,3,3,2,2,3,1,2,1,1
852,4,15,5,4,1471,1,3,4,1,1,4,4,3,3,3,2,3,1,2,1,1
853,1,18,2,1,1442,1,4,4,1,1,4,4,2,3,3,2,2,2,1,1,2
854,4,36,4,1,10875,1,5,2,1,1,2,3,4,3,2,2,3,2,2,1,1
855,4,24,3,1,1474,2,2,4,1,1,3,1,2,3,2,1,3,1,2,1,1
856,4,10,3,9,894,5,4,4,2,1,3,2,3,3,2,1,3,1,2,1,1
857,4,15,5,3,3343,1,3,4,1,1,2,4,2,3,3,1,3,1,2,1,1
858,1,15,3,1,3959,1,3,3,2,1,2,2,2,3,2,1,3,1,2,1,2
859,4,9,3,1,3577,2,3,1,1,3,2,1,2,3,1,1,3,2,1,2,1
860,4,24,5,2,5804,4,3,4,1,1,2,1,2,3,2,2,3,1,1,1,1
861,4,18,4,10,2169,1,3,4,1,1,2,3,2,3,2,1,3,1,2,1,2
862,1,24,3,4,2439,1,2,4,2,1,4,1,3,3,2,1,3,1,2,1,2
863,4,27,5,3,4526,4,2,4,1,1,2,1,2,2,2,2,2,2,2,1,1
864,4,10,3,3,2210,1,3,2,1,1,2,1,2,1,1,1,2,1,1,1,2
865,4,15,3,3,2221,3,3,2,2,1,4,3,1,3,1,1,3,1,1,1,1
866,1,18,3,4,2389,1,2,4,2,1,1,3,2,2,2,1,3,1,1,1,1
867,4,12,5,3,3331,1,5,2,1,1,4,2,3,2,2,1,3,1,1,1,1
868,4,36,3,10,7409,5,5,3,1,1,2,2,3,3,2,2,3,1,1,1,1
869,1,12,3,3,652,1,5,4,2,1,4,2,1,3,1,1,3,1,1,1,1
870,4,36,4,3,7678,3,4,2,2,1,4,3,3,3,2,2,3,1,2,1,1
871,3,6,5,1,1343,1,5,1,1,1,4,1,4,3,2,2,3,2,1,2,1
872,1,24,5,10,1382,2,4,4,1,1,1,1,2,3,2,2,3,1,2,1,1
873,4,15,3,5,874,5,2,4,2,1,1,1,1,3,2,1,3,1,1,1,1
874,1,12,3,3,3590,1,3,2,1,2,2,2,2,3,2,1,2,2,1,1,1
875,2,11,5,1,1322,4,3,4,2,1,4,3,3,3,2,2,3,1,1,1,1
876,1,18,2,4,1940,1,2,3,1,2,4,4,3,1,3,1,4,1,2,1,1
877,4,36,3,4,3595,1,5,4,1,1,2,3,2,3,2,1,3,1,1,1,1
878,1,9,3,1,1422,1,2,3,1,1,2,4,2,3,3,1,4,1,2,1,2
879,4,30,5,4,6742,5,4,2,1,1,3,2,3,3,2,2,3,1,1,1,1
880,4,24,3,2,7814,1,4,3,1,1,3,3,3,3,2,1,4,1,2,1,1
881,4,24,3,2,9277,5,3,2,1,1,4,4,4,3,3,1,3,1,2,1,1
882,2,30,5,1,2181,5,5,4,1,1,4,1,3,3,2,2,3,1,1,1,1
883,4,18,5,4,1098,1,1,4,2,1,4,3,5,3,2,2,1,1,1,1,1
884,2,24,3,3,4057,1,4,3,1,1,3,3,3,3,2,1,3,1,2,1,2
885,1,12,3,7,795,1,2,4,2,1,4,2,4,3,2,1,3,1,1,1,2
886,2,24,5,10,2825,5,4,4,1,1,3,4,2,3,2,2,3,2,2,1,1
887,2,48,3,10,15672,1,3,2,1,1,2,3,1,3,2,1,3,1,2,1,2
888,4,36,5,1,6614,1,5,4,1,1,4,3,2,3,2,2,4,1,2,1,1
889,4,28,2,2,7824,5,2,3,1,3,4,1,3,1,1,2,3,2,2,1,1
890,1,27,5,10,2442,1,5,4,1,1,4,3,3,2,2,4,4,2,2,1,1
891,4,15,5,4,1829,1,5,4,1,1,4,3,4,3,2,2,3,1,2,1,1
892,1,12,5,1,2171,1,3,4,1,1,4,2,3,1,2,2,2,1,1,2,1
893,2,36,5,2,5800,1,3,3,1,1,4,3,2,3,2,2,3,1,2,1,1
894,4,18,5,4,1169,5,3,4,1,1,3,2,2,3,2,2,3,1,2,1,1
895,4,36,4,2,8947,5,4,3,1,1,2,3,2,2,2,1,4,2,2,1,1
896,1,21,3,4,2606,1,2,4,2,1,4,2,2,3,1,1,4,1,2,1,1
897,4,12,5,3,1592,4,4,3,2,1,2,2,3,3,2,1,3,1,1,2,1
898,4,15,3,3,2186,5,4,1,2,1,4,1,2,1,1,1,2,1,1,1,1
899,1,18,3,3,4153,1,3,2,1,2,3,3,3,3,2,1,3,1,1,1,2
900,1,16,5,1,2625,1,5,2,1,3,4,2,3,1,1,1,3,1,2,1,2
901,4,20,5,1,3485,5,2,2,1,1,4,1,3,3,2,2,3,1,2,1,1
902,4,36,5,2,10477,5,5,2,1,1,4,4,3,3,3,2,3,1,1,1,1
903,4,15,3,4,1386,5,3,4,1,1,2,1,3,3,1,1,3,1,2,1,1
904,4,24,3,4,1278,1,5,4,1,1,1,1,3,3,2,1,4,1,2,1,1
905,1,12,3,4,1107,1,3,2,1,1,2,1,1,3,1,1,4,2,2,1,1
906,1,21,3,1,3763,5,4,2,1,2,2,1,1,3,2,1,2,1,1,2,1
907,2,36,3,7,3711,5,3,2,1,1,2,3,2,3,2,1,3,1,1,1,1
908,4,15,4,2,3594,1,2,1,2,1,2,2,4,3,2,2,2,1,1,1,1
909,2,9,3,1,3195,5,3,1,2,1,2,1,2,3,2,1,2,1,1,1,1
910,4,36,4,4,4454,1,3,4,2,1,4,1,2,3,2,2,3,1,1,1,1
911,2,24,5,3,4736,1,2,2,2,1,4,3,2,1,2,1,2,1,1,1,2
912,2,30,3,4,2991,5,5,2,2,1,4,3,2,3,2,1,3,1,1,1,1
913,4,11,3,10,2142,4,5,1,1,1,2,1,2,3,2,1,3,1,2,1,1
914,1,24,2,10,3161,1,3,4,1,1,2,2,2,3,1,1,3,1,2,1,2
915,2,48,1,11,18424,1,3,1,2,1,2,2,2,1,2,1,4,1,2,2,2
916,4,10,3,2,2848,2,3,1,1,2,2,1,2,3,2,1,3,2,1,1,1
917,1,6,3,1,14896,1,5,1,1,1,4,4,5,1,2,1,4,1,2,1,2
918,1,24,3,3,2359,2,1,1,1,1,1,2,2,3,2,1,3,1,1,1,2
919,1,24,3,3,3345,1,5,4,1,1,2,2,3,3,1,1,4,1,2,1,2
920,4,18,5,3,1817,1,3,4,2,1,2,4,2,3,2,2,3,1,1,1,1
921,4,48,4,4,12749,3,4,4,1,1,1,3,3,3,2,1,4,1,2,1,1
922,1,9,3,4,1366,1,2,3,2,1,4,2,1,3,1,1,3,1,1,1,2
923,2,12,3,1,2002,1,4,3,1,1,4,2,2,3,1,1,3,2,2,1,1
924,1,24,2,3,6872,1,2,2,1,1,1,2,5,1,2,1,3,1,2,1,2
925,1,12,2,1,697,1,2,4,1,1,2,3,4,1,2,2,3,1,2,1,2
926,1,18,5,3,1049,1,2,4,2,1,4,2,1,3,1,1,3,1,1,1,1
927,1,48,3,2,10297,1,4,4,1,1,4,4,3,2,3,3,3,2,2,1,2
928,4,30,3,4,1867,5,5,4,1,1,4,3,5,3,2,1,3,1,2,1,1
929,1,12,4,1,1344,1,3,4,1,1,2,1,3,3,2,2,2,2,1,1,1
930,1,24,3,3,1747,1,2,4,1,2,1,2,1,3,2,1,2,1,1,2,1
931,2,9,3,4,1670,1,2,4,2,1,2,3,1,3,2,1,3,1,2,1,2
932,4,9,5,1,1224,1,3,3,1,1,1,1,2,3,2,2,3,1,1,1,1
933,4,12,5,4,522,3,5,4,1,1,4,2,3,3,2,2,3,2,2,1,1
934,1,12,3,4,1498,1,3,4,2,1,1,3,1,1,2,1,3,1,1,1,1
935,2,30,4,4,1919,2,2,4,1,1,3,4,2,2,2,2,4,1,1,1,2
936,3,9,3,4,745,1,3,3,2,1,2,1,2,3,2,1,2,1,1,1,2
937,2,6,3,4,2063,1,2,4,1,1,3,3,2,3,1,1,4,1,2,1,1
938,2,60,3,7,6288,1,3,4,1,1,4,4,3,3,3,1,3,1,1,1,2
939,4,24,5,2,6842,5,3,2,1,1,4,2,4,3,2,2,4,2,2,1,1
940,4,12,3,1,3527,5,2,2,1,1,3,2,4,3,2,1,4,2,2,1,1
941,4,10,3,1,1546,1,3,3,1,1,2,1,2,3,2,1,2,2,1,2,1
942,4,24,3,3,929,5,4,4,1,1,2,3,2,2,2,1,3,1,2,1,1
943,4,4,5,1,1455,1,4,2,1,1,1,1,3,3,2,3,2,2,1,1,1
944,1,15,3,3,1845,1,2,4,2,3,1,2,4,3,1,1,3,1,1,1,1
945,2,48,1,1,8358,3,2,1,2,1,1,3,2,3,2,2,3,1,1,1,1
946,1,24,2,3,3349,3,2,4,1,1,4,4,2,3,3,1,3,2,2,1,2
947,4,12,3,1,2859,5,1,4,1,1,4,4,3,3,2,1,4,1,2,1,1
948,4,18,3,3,1533,1,2,4,1,2,1,2,3,3,2,1,2,2,1,1,2
949,4,24,3,4,3621,2,5,2,1,1,4,3,2,3,2,2,3,1,1,1,2
950,2,18,5,10,3590,1,1,3,1,1,3,3,3,3,2,3,1,2,2,1,1
951,1,36,4,10,2145,1,4,2,1,1,1,3,1,3,2,2,3,1,2,1,2
952,2,24,3,2,4113,3,2,3,2,1,4,3,2,3,1,1,3,1,1,1,2
953,4,36,3,3,10974,1,1,4,2,1,2,3,2,3,2,2,4,1,2,1,2
954,1,12,3,1,1893,1,3,4,2,3,4,2,2,3,2,1,3,1,2,1,1
955,1,24,5,4,1231,4,5,4,2,1,4,2,5,3,1,2,4,1,2,1,1
956,3,30,5,4,3656,5,5,4,1,1,4,2,4,2,2,2,2,1,1,1,1
957,2,9,5,4,1154,1,5,2,1,1,4,1,3,3,2,3,2,1,1,1,1
958,1,28,3,1,4006,1,3,3,1,1,2,3,4,3,2,1,2,1,1,1,2
959,2,24,3,3,3069,2,5,4,1,1,4,4,2,3,3,1,3,1,1,1,1
960,4,6,5,4,1740,1,5,2,1,1,2,1,2,3,1,2,3,1,1,1,1
961,2,21,4,1,2353,1,3,1,1,1,4,2,4,3,2,2,3,1,1,1,1
962,4,15,3,1,3556,5,3,3,1,1,2,4,2,3,2,1,3,1,1,1,1
963,4,24,3,4,2397,3,5,3,1,1,2,3,3,1,2,2,3,1,2,1,2
964,2,6,3,6,454,1,2,3,1,1,1,2,1,3,2,1,2,1,1,1,1
965,2,30,3,4,1715,5,3,4,2,1,1,3,2,3,2,1,3,1,1,1,1
966,2,27,5,4,2520,3,3,4,1,1,2,2,1,3,2,2,2,1,1,1,2
967,4,15,3,4,3568,1,5,4,2,1,2,3,4,1,1,1,4,1,2,1,1
968,4,42,3,4,7166,5,4,2,1,1,4,2,2,3,1,1,3,1,2,1,1
969,1,11,5,1,3939,1,3,1,1,1,2,1,3,3,2,2,2,2,1,1,1
970,2,15,3,6,1514,2,3,4,1,3,2,1,1,3,2,1,3,1,1,1,1
971,4,24,3,1,7393,1,3,1,1,1,4,2,3,3,2,1,2,2,1,1,1
972,1,24,2,1,1193,1,1,1,2,2,4,4,2,3,1,2,1,1,1,1,2
973,1,60,3,10,7297,1,5,4,1,2,4,4,3,3,1,1,3,1,1,1,2
974,4,30,5,4,2831,1,3,4,2,1,2,3,2,3,2,1,3,1,2,1,1
975,3,24,3,4,1258,3,3,3,2,1,3,3,5,3,2,1,2,1,1,1,1
976,2,6,3,4,753,1,3,2,2,3,3,1,5,3,2,1,3,1,1,1,1
977,2,18,4,10,2427,5,5,4,1,1,2,2,3,3,2,2,3,1,1,1,1
978,4,24,4,1,2538,1,5,4,1,1,4,3,4,3,2,2,2,2,1,1,2
979,2,15,2,1,1264,2,3,2,1,1,2,2,2,3,1,1,3,1,1,1,2
980,2,30,5,3,8386,1,4,2,1,1,2,2,4,3,2,1,3,1,1,1,2
981,4,48,3,10,4844,1,1,3,1,1,2,3,2,1,1,1,4,1,2,1,2
982,3,21,3,1,2923,2,3,1,2,1,1,3,2,1,2,1,4,1,2,1,1
983,1,36,3,2,8229,1,3,2,1,1,2,2,2,3,2,1,3,2,1,1,2
984,4,24,5,3,2028,1,4,2,1,1,2,2,2,3,2,2,2,1,1,1,1
985,1,15,5,3,1433,1,3,4,2,1,3,2,2,3,1,2,3,1,1,1,1
986,3,42,1,10,6289,1,2,2,1,1,1,2,2,3,2,2,3,1,1,1,1
987,4,13,3,4,1409,2,1,2,2,1,4,1,5,3,2,1,3,1,1,1,1
988,1,24,3,2,6579,1,1,4,1,1,2,4,2,3,3,1,4,1,2,1,1
989,2,24,5,4,1743,1,5,4,1,1,2,2,4,3,2,2,2,1,1,1,1
990,4,12,5,7,3565,5,2,2,1,1,1,2,3,3,2,2,2,2,1,1,1
991,4,15,2,4,1569,2,5,4,1,1,4,3,2,1,2,1,2,2,1,1,1
992,1,18,3,4,1936,5,4,2,1,1,4,3,1,3,1,2,2,1,1,1,1
993,1,36,3,3,3959,1,1,4,1,1,3,2,2,3,2,1,4,1,2,1,1
994,4,12,3,1,2390,5,5,4,1,1,3,3,4,3,2,1,3,1,2,1,1
995,4,12,3,3,1736,1,4,3,2,1,4,1,2,3,2,1,2,1,1,1,1
996,1,30,3,2,3857,1,3,4,1,1,4,2,3,3,2,1,4,1,2,1,1
997,4,12,3,4,804,1,5,4,1,1,4,3,3,3,2,1,3,1,1,1,1
998,1,45,3,4,1845,1,3,4,1,1,4,4,1,3,3,1,3,1,2,1,2
999,2,45,5,2,4576,2,1,3,1,1,4,3,2,3,2,1,3,1,1,1,1
